{"rec_texts": ["p", "465607116", "over", "under", "over", "b", "46", "g", "366", "45", "d", "2635", "c", "16325", "o", "age", "female", "f", "malc", "sex", "chicago", "jos", "angeles", "oo", "city", "tested", "color", "in", "overall", "commer", "this", "was", "crcial", "scores", "comments", "pmg", "chicagor", "i", "b", "angelest", "and", "bls", "test", "dates", "audience", "studies", "suppliers", "hb", "code", "bwrtoige", "basel", "pme", "ton", "rzy", "rezoy", "pack", "commercials", "new", "lake", "leo", "belair", "swith", "badmine", "samples", "13", "raleigh", "ibelair", "brands", "eportions", "mnot", "1962105", "testedl", "project", "scores", "filter", "brown", "williamson", "tobacco", "corporati", "tion", "13699", "mr", "1909", "100"], "rec_scores": [0.999983549118042, 0.9563376241260104, 0.9999939799308777, 0.9999958753585816, 0.9999957382678986, 0.27247098088264465, 0.9970479011535645, 0.988247811794281, 0.7569021582603455, 0.726730078458786, 0.5164330005645752, 0.9922415018081665, 0.7627577781677246, 0.8083845734596252, 0.18121695518493652, 0.9998573660850525, 0.9918722112973531, 0.4223974049091339, 0.9121366441249847, 0.9998729427655538, 0.9999435799462455, 0.7981517712275187, 0.9998600312641689, 0.5118615329265594, 0.9998696446418762, 0.9999261697133383, 0.9938676953315735, 0.9874869287014008, 0.9999402761459351, 0.8282622396945953, 0.9966226518154144, 0.999653955300649, 0.9673212170600891, 0.999818354845047, 0.9998999089002609, 0.9585913022359213, 0.9362530596554279, 0.3267959952354431, 0.8674443960189819, 0.9930327162146568, 0.9841790795326233, 0.705383817354838, 0.9975914806127548, 0.8662431240081787, 0.998488076031208, 0.9998199258531842, 0.9986936648686727, 0.553163081407547, 0.9999481290578842, 0.6132269576191902, 0.9784989833831788, 0.6396487057209015, 0.9994864463806152, 0.4980156719684601, 0.45518792867660524, 0.9999728798866272, 0.9420628981156782, 0.9994170467058817, 0.9746447056531906, 0.4422658681869507, 0.9997577369213104, 0.8693384766578675, 0.971066415309906, 0.9241046139172145, 0.29250558465719223, 0.961487182549068, 0.8435615769454411, 0.9997162024180094, 0.9018826716476016, 0.7252355143427849, 0.7911159438746316, 0.9882816076278687, 0.9999951805387225, 0.9746409356594086, 0.9990923603375753, 0.9939494013786316, 0.9930940330028534, 0.9997775554656982, 0.7834531101915572, 0.9999441504478455, 0.7868977785110474, 0.9934435188770294, 0.6865864023566246, 0.9412665764490763], "det_polygons": [[617.63671875, 808.7797619047618, 617.63671875, 784.970238095238, 631.03125, 784.970238095238, 631.03125, 808.7797619047618], [448.19139289855957, 777.044477916899, 555.5989902019501, 772.1996307373046, 556.2324907779694, 786.2408047630672, 448.82489347457886, 791.0856519426617], [154.037109375, 749.9999999999999, 154.037109375, 738.8392857142857, 189.755859375, 738.8392857142857, 189.755859375, 749.9999999999999], [154.037109375, 736.6071428571428, 154.037109375, 725.4464285714284, 196.453125, 725.4464285714284, 196.453125, 736.6071428571428], [154.037109375, 697.9166666666666, 154.037109375, 686.0119047619047, 189.01171875, 686.0119047619047, 189.01171875, 697.9166666666666], [278.30859375, 693.4523809523808, 278.30859375, 686.0119047619047, 290.21484375, 686.0119047619047, 290.21484375, 693.4523809523808], [113.853515625, 685.2678571428571, 127.9921875, 685.2678571428571, 127.9921875, 695.6845238095237, 113.853515625, 695.6845238095237], [267.2747696042061, 685.9605425880068, 273.30487936735153, 683.5488364810035, 276.538057744503, 691.6307267688569, 270.5079479813576, 694.0424328758602], [117.1414235830307, 675.0830241612025, 135.05943417549133, 673.5251744588215, 135.5620379447937, 679.3044408162434, 117.64402735233307, 680.8622905186244], [139.154296875, 673.3630952380952, 153.29296875, 673.3630952380952, 153.29296875, 680.0595238095237, 139.154296875, 680.0595238095237], [270.29813611507416, 674.8075031098864, 274.8505471944809, 673.6695425851003, 276.25126111507416, 679.2717888241722, 271.6988500356674, 680.4097493489583], [115.97345799207687, 659.3053000313894, 153.91877084970474, 658.3324614025297, 154.1475904583931, 667.2551291329519, 116.20227760076523, 668.2279677618117], [282.64210921525955, 663.9093671526227, 285.399798810482, 659.313746861049, 289.7770752310753, 661.9398026239304, 287.0193856358528, 666.535422915504], [114.59764489531517, 654.7619047619047, 114.59764489531517, 645.8333333333333, 154.78123864531517, 645.8333333333333, 154.78123864531517, 654.7619047619047], [277.8621275424957, 646.4286077590215, 286.1965116262436, 642.2619592575799, 290.9590297937393, 651.7858051118395, 282.62464570999146, 655.9524536132811], [111.62109375, 645.0892857142857, 111.62109375, 630.9523809523808, 140.642578125, 630.9523809523808, 140.642578125, 645.0892857142857], [111.62109375, 604.1666666666666, 111.62109375, 590.7738095238094, 163.7109375, 590.7738095238094, 163.7109375, 604.1666666666666], [266.1147295832634, 578.3254078456333, 289.97918862104416, 577.1323158627464, 290.8272473216057, 594.0913699922107, 266.9627882838249, 595.2844619750975], [111.62109375, 589.2857142857142, 111.62109375, 577.3809523809523, 147.33984375, 577.3809523809523, 147.33984375, 589.2857142857142], [110.1328125, 578.8690476190476, 110.1328125, 561.7559523809523, 142.875, 561.7559523809523, 142.875, 578.8690476190476], [112.365234375, 536.4583333333333, 112.365234375, 525.297619047619, 171.896484375, 525.297619047619, 171.896484375, 536.4583333333333], [107.900390625, 511.90476190476187, 136.177734375, 511.90476190476187, 136.177734375, 523.8095238095237, 107.900390625, 523.8095238095237], [140.642578125, 523.8095238095237, 140.642578125, 511.90476190476187, 201.662109375, 511.90476190476187, 201.662109375, 523.8095238095237], [265.658203125, 522.3214285714286, 265.658203125, 509.672619047619, 290.21484375, 509.672619047619, 290.21484375, 522.3214285714286], [108.4758460521698, 497.1425192696707, 147.98472172021866, 496.1296263195219, 148.3294045329094, 509.5708937872023, 108.82052886486053, 510.58378673735115], [447.8728258609772, 482.2076161702473, 498.53552198410034, 481.3490368071056, 498.7238280773163, 492.456072852725, 448.0611319541931, 493.3146522158668], [528.33984375, 491.81547619047615, 528.33984375, 481.39880952380946, 574.4765625, 481.39880952380946, 574.4765625, 491.81547619047615], [503.0390625, 493.3035714285714, 503.0390625, 479.9107142857142, 522.38671875, 479.9107142857142, 522.38671875, 493.3035714285714], [111.55364692211151, 470.3192483811151, 171.80333054065704, 469.392458597819, 171.99949407577515, 482.1412676856631, 111.74981045722961, 483.0680574689592], [487.25291669368744, 468.12270936511806, 531.2173479795456, 467.16703687395363, 531.4429882764816, 477.54646482921777, 487.4785569906235, 478.5021373203822], [444.8440772294998, 466.99750991094675, 482.06373488903046, 465.96372695196237, 482.4481590986252, 479.80063302176336, 445.22850143909454, 480.83441598074774], [575.96484375, 477.6785714285714, 575.96484375, 466.5178571428571, 603.498046875, 466.5178571428571, 603.498046875, 477.6785714285714], [527.4035818576813, 466.0591397966657, 568.3606567382812, 465.149062020438, 568.6045553684235, 476.12249283563517, 527.6474804878235, 477.03257061186287], [253.00778979063034, 440.4761450631277, 253.00778979063034, 429.31543077741344, 299.88864916563034, 429.31543077741344, 299.88864916563034, 440.4761450631277], [506.015625, 438.2440476190476, 506.015625, 427.08333333333326, 572.244140625, 427.08333333333326, 572.244140625, 438.2440476190476], [261.5849143266678, 415.7226653326125, 289.9589545726776, 414.70940907796216, 290.39783585071564, 426.99709392729255, 262.0237956047058, 428.01035018194284], [21.392738599330187, 364.6304947989327, 86.88803538680077, 362.78577077956425, 87.24940958619118, 375.6130536397298, 21.754111379384995, 377.45777765909827], [315.515625, 368.3035714285714, 315.515625, 364.5833333333333, 319.98046875, 364.5833333333333, 319.98046875, 368.3035714285714], [305.841796875, 363.0952380952381, 322.212890625, 