{"rec_texts": ["rrbt", "rrbl", "s", "rrbb", "rrbfo", "or", "rrbf", "stem", "burely", "fine", "rbf", "rrxmit", "rrxmb", "rrxfo", "or", "rrxf", "stem", "cured", "flue", "fine", "rxf", "stem", "winnowers", "emcat", "mci", "meal", "estems", "mcg", "mcaw", "imcarc", "mcaph", "mc4s", "fines", "manufacturing", "mca", "wcc", "rpcbso", "fr", "rpcbs", "finess", "burley", "pcbs", "or", "rpcfso", "rpcfs", "tines", "cured", "flue", "pcfs", "substitutions", "allowable", "mark", "gradel", "standard", "tcpcl", "rexports", "fort", "substitutions", "grade", "allowable", "siings", "dae", "revision", "bsw", "formulas", "export", "esubstitutions", "lcaf", "itobaccol", "reconstituled"], "rec_scores": [0.9647460281848907, 0.944901704788208, 0.42848873138427734, 0.9969451576471329, 0.9738648414611817, 0.9995797872543335, 0.9986466765403748, 0.9369113743305206, 0.9958713750044504, 0.5395545661449432, 0.6484385828177134, 0.9580958584944407, 0.9997331738471985, 0.9893259406089783, 0.999724268913269, 0.9901480376720428, 0.992800310254097, 0.9999163985252381, 0.8332633003592491, 0.6291591450572014, 0.8037384351094564, 0.9616992175579071, 0.96587030755149, 0.621388828754425, 0.7190248370170593, 0.6893434673547745, 0.6802941511074702, 0.7166702349980673, 0.9836360812187195, 0.8842753469944, 0.9943262457847595, 0.9222242385149002, 0.9807721614837647, 0.9611166027876047, 0.7022858957449595, 0.8490039308865865, 0.9907944897810618, 0.24647242575883865, 0.9990200877189637, 0.743159199754397, 0.9838985204696655, 0.8031729012727737, 0.9991270005702972, 0.948464165131251, 0.9998281955718994, 0.8513133823871613, 0.9902831554412842, 0.864152267575264, 0.9030122756958008, 0.9999971756568322, 0.9991378386815389, 0.9995912462472916, 0.9458447595437368, 0.9999501407146454, 0.8524201154708863, 0.9248442649841309, 0.8417128026485443, 0.9999970839573786, 0.9986511588096618, 0.9999651511510214, 0.5185819938778877, 0.5924594899018606, 0.9998708739876747, 0.990938683350881, 0.999745786190033, 0.9999395509560903, 0.9501467432294574, 0.6757566779851913, 0.9012373321586185, 0.9649532758272611], "det_polygons": [[366.5555510222912, 852.2979552487292, 366.80141124129295, 838.7755428452089, 416.4509983062744, 839.6783851715455, 416.20513808727264, 853.2007975750658], [367.3090091943741, 821.4261158403143, 367.58768141269684, 807.7700511518731, 415.7704939842224, 808.75341576266, 415.49182176589966, 822.4094804511012], [700.1293902397156, 920.8754573959901, 701.112187743187, 804.8880703477973, 718.1731406450272, 805.032753082643, 717.1903431415558, 921.0201401308358], [368.8093309700489, 790.5748666050922, 369.06465795636177, 777.0397691841584, 418.7687019109726, 777.977725109422, 418.51337492465973, 791.5128225303557], [433.6875, 762.801204819277, 433.6875, 749.2469879518071, 494.6748046875, 749.2469879518071, 494.6748046875, 762.801204819277], [416.3701171875, 761.2951807228915, 416.3701171875, 749.9999999999999, 430.67578125, 749.9999999999999, 430.67578125, 761.2951807228915], [369.6884765625, 761.2951807228915, 369.6884765625, 748.4939759036143, 411.099609375, 748.4939759036143, 411.099609375, 761.2951807228915], [244.7021484375, 759.0361445783132, 244.7021484375, 746.9879518072288, 278.583984375, 746.9879518072288, 278.583984375, 759.0361445783132], [197.08918011188507, 758.7811573442206, 197.40397310256958, 744.6147505059299, 241.1526621580124, 745.5870846667921, 240.83786916732788, 759.7534915050827], [162.28265699744225, 757.493352315512, 162.76233717799187, 743.1017404579254, 196.05502769351006, 744.2115875611821, 195.57534751296043, 758.6031994187688], [94.30053716897964, 754.3960019766565, 95.10279974341393, 740.7561152814382, 128.55883795022964, 742.7243152296686, 127.75657537579536, 756.364201924887], [371.1943359375, 712.3493975903614, 371.1943359375, 701.0542168674698, 430.67578125, 701.0542168674698, 430.67578125, 712.3493975903614], [372.7001953125, 682.9819277108433, 372.7001953125, 671.6867469879518, 432.181640625, 671.6867469879518, 432.181640625, 682.9819277108433], [437.3441078066826, 653.5226752959102, 437.6772828698158, 642.1930244170039, 495.5584768652916, 643.8955743628811, 495.22530180215836, 655.2252252417874], [419.3818359375, 654.367469879518, 419.3818359375, 643.0722891566264, 433.6875, 643.0722891566264, 433.6875, 654.367469879518], [371.947265625, 654.367469879518, 371.947265625, 640.8132530120481, 413.3583984375, 640.8132530120481, 413.3583984375, 654.367469879518], [272.32426831126213, 651.5790640589702, 272.64705750346184, 639.9582093020518, 306.6490662395954, 640.9027834972703, 306.3262770473957, 652.5236382541885], [229.6435546875, 649.8493975903614, 229.6435546875, 638.5542168674698, 268.7958984375, 638.5542168674698, 268.7958984375, 649.8493975903614], [198.7734375, 650.6024096385541, 198.7734375, 636.2951807228915, 226.6318359375, 636.2951807228915, 226.6318359375, 650.6024096385541], [165.38235694169998, 648.9421890442629, 165.81909200549126, 635.4020360004471, 198.98634785413742, 636.4720815635588, 198.54961279034615, 650.0122346073747], [96.86573240160942, 647.4362109080854, 97.30324870347977, 633.8717908744352, 130.51903322339058, 634.9433990846196, 130.08151692152023, 648.5078191182699], [387.7587890625, 609.1867469879518, 387.7587890625, 594.8795180722891, 425.4052734375, 594.8795180722891, 425.4052734375, 609.1867469879518], [169.27240557968616, 601.513322577419, 169.46330340206623, 593.3046455842903, 242.58048963546753, 595.0052652014307, 242.38959181308746, 603.2139421945594], [98.52326685190201, 601.5597883477268, 98.8632892370224, 587.9575890230844, 137.9535475373268, 588.9349788068288, 137.61352515220642, 602.5371781314711], [373.3022311627865, 562.3609703707407, 373.65001997351646, 548.7963664962584, 412.7187942266464, 549.7982071106692, 412.37100541591644, 563.3628109851514], [206.12056803703308, 558.5409417209854, 206.56132417917252, 544.4357538797768, 241.84396594762802, 545.5384311905826, 241.4032098054886, 559.6436190317912], [168.65625, 544.4277108433735, 204.796875, 544.4277108433735, 204.796875, 559.4879518072289, 168.65625, 559.4879518072289], [100.892578125, 556.4759036144578, 100.892578125, 542.9216867469879, 139.2919921875, 542.9216867469879, 139.2919921875, 556.4759036144578], [375.58801889419556, 515.7086935388036, 375.7931628227234, 502.1690000970679, 436.800687789917, 503.0934437211737, 436.59554386138916, 516.6331371629094], [375.4183983206749, 483.99426563676576, 375.9584636092186, 470.4917999635259, 443.04255026578903, 473.1754165097891, 442.50248497724533, 486.67788218302894], [376.20087718963623, 454.6677003423851, 376.5857058763504, 440.6185839549604, 443.71106028556824, 442.4578195594879, 443.32623159885406, 456.5069359469126], [376.2231194972992, 424.5427143142884, 376.6431498527527, 411.7305709655026, 432.3741009235382, 413.5580407567771, 431.9540705680847, 426.3701841055628], [272.56052389740944, 423.9457371723221, 272.56052389740944, 411.8975444012377, 307.19528952240944, 411.8975444012377, 307.19528952240944, 423.9457371723221], [173.84830082952976, 420.0582848974021, 174.03837145864964, 409.4119703913309, 268.1917716264725, 411.0934705619352, 268.0017009973526, 421.73978506800637], [102.93174737691879, 419.17745751070686, 103.2670593559742, 405.7634192776967, 143.9374865591526, 406.7803348403379, 143.6021745800972, 420.19437307334806], [376.94521325826645, 380.1542534885636, 377.3305934071541, 364.3504223191594, 418.09311479330063, 365.344725459455, 417.707734644413, 381.1485566288591], [454.64117842912674, 351.6367257359516, 454.7975179553032, 338.81906716220345, 522.5878438353539, 339.6458913044757, 522.4315043091774, 352.4635498782238], [435.4945036768913, 348.49401267178087, 439.1086029410362, 337.6506207937217, 451.0802033543587, 341.6415754571018, 447.4661040902138, 352.48496733516095], [377.85034650564194, 348.5819575298263, 378.05714482069016, 335.7597948556923, 432.3146808743477, 336.6350150970091, 432.10788255929947, 349.4571777711431], [220.47510543465614, 347.02041350215313, 220.90823301672935, 