{"rec_texts": ["466009457", "f9", "faaez", "feb", "79002", "1ates", "caoki", "dec", "yyy", "yea", "acctg", "to", "1988", "budget", "cumulative", "released", "paid", "of", "out", "carryover", "1988", "o", "147165", "dec", "191", "pd", "acci", "cruals", "149", "paid", "1987", "ppts", "final", "sdue", "r16", "compl", "field", "pletes", "1787", "extrauthos", "ate", "1r1067", "intal", "init", "adate", "b3b7", "c", "900", "total", "t707", "122t", "authorized", "costs", "701", "he25", "itotal", "frox", "aiged", "mra", "personnel", "br", "pellett", "supplier", "kap", "apuler", "marketing", "research", "description", "capri", "expansi", "sion", "agu", "california", "wave", "0s9362215100", "capri", "project", "nos", "1987115ca"], "rec_scores": [0.9085658854908414, 0.23425569385290146, 0.2261342376470566, 0.9997599919637045, 0.8379158496856689, 0.23472170829772948, 0.6603787362575531, 0.9999750852584839, 0.444282407561938, 0.9322156310081482, 0.9703200578689575, 0.9979280531406403, 0.949910506606102, 0.9999949733416239, 0.9999864935874939, 0.9999814480543137, 0.9999794960021973, 0.9998816549777985, 0.999997059504191, 0.960843821366628, 0.903907835483551, 0.7166100144386292, 0.8824345866839091, 0.9921710093816122, 0.5607892076174418, 0.5233171880245209, 0.976758286356926, 0.8729884674151739, 0.8041821122169495, 0.9999921023845673, 0.9247849583625793, 0.47741976007819176, 0.9985527992248535, 0.6430622264742851, 0.53482053677241, 0.9996685743331909, 0.9999884128570556, 0.9318765799204508, 0.6972969323396683, 0.9300908982753754, 0.988059937953949, 0.7867385546366373, 0.8667865037918091, 0.997332438826561, 0.802730244398117, 0.30893075466156006, 0.4570196270942688, 0.9523991545041403, 0.99998939037323, 0.5651425719261169, 0.30909082293510437, 0.999985420703888, 0.9127803564071655, 0.7964910666147867, 0.6528343185782433, 0.886438637971878, 0.6575392857193947, 0.4358403891324997, 0.49837558964888257, 0.999965164396498, 0.9326031804084778, 0.9999816587993077, 0.9984258338809013, 0.8563458124796549, 0.9997702936331431, 0.9592931071917216, 0.9999934285879135, 0.9999847195365212, 0.9961445569992066, 0.9998363937650409, 0.999991774559021, 0.8553885221481323, 0.9999373376369476, 0.9977861046791077, 0.7907220721244812, 0.9963038802146912, 0.9999937670571464, 0.6780339181423187, 0.8381338318188986], "det_polygons": [[551.5004081726074, 913.8029167451053, 668.4765644073486, 907.9113695994916, 669.2762764692307, 923.7926437194088, 552.3001202344894, 929.6841908650225], [109.1748046875, 573.7951807228915, 149.8330078125, 573.7951807228915, 149.8330078125, 583.5843373493975, 109.1748046875, 583.5843373493975], [341.830078125, 582.8313253012047, 341.830078125, 573.0421686746987, 387.005859375, 573.0421686746987, 387.005859375, 582.8313253012047], [206.302734375, 583.5843373493975, 206.302734375, 572.2891566265059, 233.408203125, 572.2891566265059, 233.408203125, 583.5843373493975], [607.5512992143631, 564.1439506806522, 655.3414707183838, 560.3952522737434, 656.3703153133392, 573.5144098120999, 608.5801438093185, 577.2631082190088], [356.888671875, 569.2771084337348, 356.888671875, 562.5, 386.2529296875, 562.5, 386.2529296875, 569.2771084337348], [296.4578844308853, 560.3730075330619, 325.88983422517776, 559.39184901226, 326.19401156902313, 568.5182594391237, 296.7620617747307, 569.4994179599256], [207.0556640625, 569.2771084337348, 207.0556640625, 557.2289156626506, 234.1611328125, 557.2289156626506, 234.1611328125, 569.2771084337348], [363.6650390625, 557.9819277108434, 363.6650390625, 550.4518072289156, 383.2412109375, 550.4518072289156, 383.2412109375, 557.9819277108434], [296.2004664838314, 551.4111806111163, 318.77599516510963, 549.0345782544239, 319.74964758753777, 558.2852650837725, 297.17411890625954, 560.6618674404649], [111.2940967977047, 520.2499297728021, 111.56261292099953, 507.36020559287925, 156.78152310848236, 508.3023898572806, 156.51300698518753, 521.1921140372034], [88.0927734375, 518.0722891566264, 88.0927734375, 509.789156626506, 102.3984375, 509.789156626506, 102.3984375, 518.0722891566264], [309.4541015625, 515.8132530120481, 309.4541015625, 504.5180722891566, 338.818359375, 504.5180722891566, 338.818359375, 515.8132530120481], [343.9857437610626, 504.4559800481221, 395.9740129709244, 503.5747390195547, 396.1422548890114, 513.5014085884553, 344.1539856791496, 514.3826496170227], [566.8572510480881, 499.28959306464134, 656.4727034568787, 496.9101411750517, 656.7545006275177, 507.5248350580054, 567.1390482187271, 509.90428694759504], [84.21969949454069, 491.7544629200395, 155.0483119636774, 490.90098185711594, 155.20261797308922, 503.7093564688441, 84.37399975955486, 504.5628375317676], [301.171875, 501.5060240963855, 301.171875, 487.95180722891564, 338.0654296875, 487.95180722891564, 338.0654296875, 501.5060240963855], [379.4765625, 498.4939759036144, 379.4765625, 489.45783132530113, 394.53515625, 489.45783132530113, 394.53515625, 498.4939759036144], [343.7007756829262, 488.44863707760726, 370.92113238573074, 487.2112044368881, 371.4598190188408, 499.06379056264115, 344.2394623160362, 500.3012232033603], [206.23876476287842, 415.73627885565696, 286.08056116104126, 414.8776502494352, 286.1922322511673, 425.2647491822759, 206.35043585300446, 426.1233777884977], [318.4892578125, 425.45180722891564, 318.4892578125, 413.4036144578313, 353.876953125, 413.4036144578313, 353.876953125, 425.45180722891564], [289.8779296875, 426.9578313253012, 289.8779296875, 412.6506024096385, 312.4658203125, 412.6506024096385, 312.4658203125, 426.9578313253012], [447.240234375, 411.14457831325296, 499.9453125, 411.14457831325296, 499.9453125, 423.1927710843373, 447.240234375, 423.1927710843373], [206.88303342461586, 401.8400720803134, 235.33627572655678, 400.3424127417874, 235.9311195909977, 411.6459582225385, 207.47787728905678, 413.1436175610645], [240.72426795959473, 399.4888397584478, 279.90905606746674, 398.42964080442863, 280.269023001194, 411.750287894743, 241.084234893322, 412.8094868487622], [509.2990300655365, 405.7866751429546, 510.86279296875, 397.9669134300875, 528.2380793094635, 401.44233244011195, 526.67431640625, 409.26209415297905], [283.1015625, 410.3915662650602, 283.1015625, 399.09638554216866, 312.4658203125, 399.09638554216866, 312.4658203125, 410.3915662650602], [309.98502177000046, 399.16334956525316, 345.5298838019371, 398.2025973768119, 345.8354398012161, 409.50991159462063, 310.2905777692795, 410.4706637830619], [480.369140625, 405.1204819277108, 480.369140625, 398.3433734939759, 498.439453125, 398.3433734939759, 498.439453125, 405.1204819277108], [207.0556640625, 385.54216867469876, 242.443359375, 385.54216867469876, 242.443359375, 396.83734939759034, 207.0556640625, 396.83734939759034], [249.01970663666725, 397.46282186852875, 249.3857396543026, 383.9185094258871, 286.3540174663067, 384.9177992487528, 285.98798444867134, 398.46213467149846], [98.6337890625, 367.4698795180723, 98.6337890625, 352.4096385542168, 127.2451171875, 352.4096385542168, 127.2451171875, 367.4698795180723], [55.283066131174564, 352.7702193662344, 94.48799409717321, 350.8097407329513, 95.19773740321398, 365.00615958707874, 55.99280943721533, 366.96663822036186], [126.06121981143951, 352.3943567850503, 153.35577115416527, 351.09446422163256, 154.01329788565636, 364.90421984569133, 126.7187465429306, 366.20411240910903], [173.10136829316616, 361.3924922713314, 173.24888442456722, 350.7686982671898, 234.2767100930214, 351.61638834390294, 234.12919396162033, 362.24018234804447], [99.38671875, 353.1626506024096, 99.38671875, 338.855421686747, 132.515625, 338.855421686747, 132.515625, 353.1626506024096], [54.9638671875, 352.4096385542168, 54.9638671875, 338.855421686747, 95.6220703125, 338.855421686747, 95.6220703125, 352.4096385542168], [129.21141301095486, 339.116176926946, 158.74363701045513, 338.13166331095863, 159.1405748873949, 350.04110221403187, 129.60835088789463, 351.02561583001926], [167.9033203125, 339.60843373493975, 231.90234375, 339.60843373493975, 231.90234375, 