{"rec_texts": ["irizzng", "466603840", "ia", "bie", "on", "placed", "b", "tables", "reps", "by", "cases", "12m", "mixeds", "recommended", "and", "brandlel", "promotional", "activitys", "sampl", "barclay", "ling", "category", "age", "lyrse", "21", "lyrsa", "to", "45", "audience", "concentrati", "iones", "ihite", "go9", "black", "109", "contact", "cltelehonels", "joy", "weathers", "msa", "csalesy", "112142668000", "name", "of", "events", "mise", "beauty", "linois", "illi", "pageant", "fetiimated", "attendances", "700", "atest", "dat", "march", "4th", "erdl", "sths", "of", "typer", "events", "beauty", "ntest", "cont", "lgtates", "linois", "mli", "cityltowns", "dundee", "speciala", "events"], "rec_scores": [0.7848118373325893, 0.9746495750215318, 0.33311134576797485, 0.6043806374073029, 0.9935079216957092, 0.9970413148403168, 0.9965108036994934, 0.9999593794345856, 0.5726516246795654, 0.9998643100261688, 0.955514132976532, 0.8691808183987936, 0.868176152308782, 0.8871191143989563, 0.9997773369153341, 0.764364592730999, 0.9984898133711382, 0.9452446500460306, 0.9832420349121094, 0.9998756647109985, 0.9988143295049667, 0.998877227306366, 0.9999127388000488, 0.7176055312156677, 0.7529806792736053, 0.5542440474033355, 0.9947826564311981, 0.8392077386379242, 0.9997978881001472, 0.9771782864223827, 0.6401985168457032, 0.8317527860403061, 0.4791085571050644, 0.9999832391738892, 0.5165827522675196, 0.9999879598617554, 0.4108751093347867, 0.9997759858767191, 0.9999351873993874, 0.7110916872819265, 0.859538482768195, 0.8731231490770975, 0.9995592534542084, 0.9997009932994843, 0.981258382399877, 0.6907417923212051, 0.9999650716781616, 0.9778470098972321, 0.8332148939371109, 0.9999807902744838, 0.9217599332332611, 0.989664765921506, 0.8584213256835938, 0.8283260583877563, 0.9997903307278951, 0.9999972105026245, 0.9897466897964478, 0.7239578291773796, 0.8261610046029091, 0.9985153675079346, 0.7152077734470368, 0.9733552932739258, 0.9997270703315735, 0.9868608117103577, 0.9993081837892532, 0.7616076384271894, 0.964714934428533, 0.8663127422332764, 0.9139762043952941, 0.9999333123366038, 0.9103861600160599, 0.9999821782112122], "det_polygons": [[73.58242267370224, 873.6014593215215, 145.81584066152573, 872.7416992187499, 145.974851667881, 886.0973176502046, 73.74143368005753, 886.957077752976], [546.012184381485, 843.1200299944195, 654.0106794834137, 841.5082295735676, 654.2430417537689, 857.0741925920757, 546.2445466518402, 858.6859930129277], [177.10546875, 762.6488095238094, 177.10546875, 757.4404761904761, 186.779296875, 757.4404761904761, 186.779296875, 762.6488095238094], [191.98828125, 765.6249999999999, 191.98828125, 752.9761904761904, 214.3125, 752.9761904761904, 214.3125, 765.6249999999999], [278.30859375, 763.392857142857, 278.30859375, 752.2321428571428, 299.888671875, 752.2321428571428, 299.888671875, 763.392857142857], [220.1202850341797, 752.2954940795897, 274.48892319202423, 751.4043081374394, 274.69625973701477, 764.0497116815475, 220.32762157917023, 764.9408976236979], [388.44140625, 760.4166666666666, 388.44140625, 753.720238095238, 395.8828125, 753.720238095238, 395.8828125, 760.4166666666666], [305.09765625, 764.1369047619047, 305.09765625, 750.7440476190475, 356.443359375, 750.7440476190475, 356.443359375, 764.1369047619047], [435.80842781066895, 762.7791450137183, 436.1678717136383, 749.121620541527, 474.97337007522583, 750.1426878429594, 474.61392617225647, 763.8002123151506], [360.908203125, 763.392857142857, 360.908203125, 749.9999999999999, 380.255859375, 749.9999999999999, 380.255859375, 763.392857142857], [236.63671875, 737.3511904761904, 236.63671875, 726.1904761904761, 281.28515625, 726.1904761904761, 281.28515625, 737.3511904761904], [203.89453125, 737.3511904761904, 203.89453125, 724.7023809523808, 231.427734375, 724.7023809523808, 231.427734375, 737.3511904761904], [286.2119085788727, 723.4587896437871, 337.53703701496124, 721.4462643577938, 338.0895105600357, 735.5323064894902, 286.76438212394714, 737.5448317754835], [69.77961950004101, 702.460243588402, 164.37889954447746, 699.3333725702194, 164.62462627887726, 706.7657652355375, 70.02535191178322, 709.8926362537202], [250.03125, 708.3333333333333, 250.03125, 694.9404761904761, 279.796875, 694.9404761904761, 279.796875, 708.3333333333333], [173.384765625, 706.845238095238, 173.384765625, 695.6845238095237, 241.1015625, 695.6845238095237, 241.1015625, 706.845238095238], [285.00583666563034, 705.3571428571428, 285.00583666563034, 694.1964285714284, 379.51169604063034, 694.1964285714284, 379.51169604063034, 705.3571428571428], [386.8322203159332, 705.9975578671409, 387.0334253311157, 691.3130623953682, 465.2045259475708, 692.3837207612536, 465.0033209323883, 707.0682162330263], [569.7705906629562, 692.2374906994047, 611.5485638380051, 691.1663782028924, 611.9074627161026, 705.1605042957124, 570.1294895410538, 706.2316167922246], [503.6547589302063, 692.7748634701683, 564.7369680404663, 691.8897628784179, 564.9315419197083, 705.312138512021, 503.84933280944824, 706.1972391037713], [613.5405389070511, 705.7999202183314, 614.2728706598282, 690.4223305838448, 641.1427785158157, 691.7017073858351, 640.4104467630386, 707.0792970203217], [335.52523666620255, 611.6448356991722, 401.8079595565796, 610.826673961821, 401.9453966617584, 621.9581422351655, 335.66269648075104, 622.7763039725166], [300.6328125, 623.5119047619047, 300.6328125, 610.1190476190476, 331.88671875, 610.1190476190476, 331.88671875, 623.5119047619047], [432.062517285347, 609.5463434855143, 468.2632509469986, 605.6332815261113, 469.82783567905426, 620.1037906465076, 433.62710201740265, 624.0168526059105], [408.533203125, 623.5119047619047, 408.533203125, 607.8869047619047, 431.6015625, 607.8869047619047, 431.6015625, 623.5119047619047], [525.1400935649872, 623.6584981282551, 525.6526894569397, 606.2322344098772, 564.2926819324493, 607.3685600644066, 563.7800860404968, 624.7948237827845], [477.73828125, 619.7916666666666, 477.73828125, 607.8869047619047, 499.318359375, 607.8869047619047, 499.318359375, 619.7916666666666], [503.0390625, 607.8869047619047, 521.642578125, 607.8869047619047, 521.642578125, 619.0476190476189, 503.0390625, 619.0476190476189], [65.28157465159893, 587.904930114746, 136.80100437998772, 586.2609772455124, 137.05667781829834, 597.3816372099376, 65.53725376725197, 599.0255900791713], [144.1760197877884, 584.52760605585, 238.73361110687256, 581.9951012021019, 239.08397126197815, 595.0729733421688, 144.52637994289398, 597.6054781959169], [238.869140625, 595.9821428571428, 238.869140625, 581.8452380952381, 266.40234375, 581.8452380952381, 266.40234375, 595.9821428571428], [332.630859375, 594.4940476190476, 332.630859375, 578.8690476190476, 379.51171875, 578.8690476190476, 379.51171875, 594.4940476190476], [302.12109375, 594.4940476190476, 302.12109375, 579.6130952380952, 331.142578125, 579.6130952380952, 331.142578125, 594.4940476190476], [433.6746554374695, 578.9305823189871, 480.5666878223419, 578.0112402779715, 480.83038902282715, 591.4573215302967, 433.9383566379547, 592.3766635713123], [399.38359808921814, 578.6643709455217, 429.827960729599, 577.5771822248186, 430.34646105766296, 592.0941943214052, 399.9020984172821, 593.1813830421083], [64.51535484194756, 532.0830572219121, 124.88884994387627, 530.4062252952938, 125.19522204995155, 541.4344242640904, 64.82172694802284, 543.1112561907087], [137.5835465490818, 529.077030363537, 279.0108128786087, 527.4970190865653, 279.1271302700043, 537.9040581839424, 137.69985258579254, 539.4840694609142], [333.375, 538.6904761904761, 333.375, 524.5535714285713, 360.908203125, 524.5535714285713, 360.908203125, 538.6904761904761], [367.5081363916397, 536.8012019566127, 367.671280503273, 523.7544831775483, 436.8655489683151, 524.6193295433407, 436.7024048566818, 537.6660483224051], [299.14453125, 539.4345238095237, 299.14453125, 523.8095238095237, 328.91015625, 523.8095238095237, 328.91015625, 539.4345238095237], [444.8360835313797, 535.9073366437639, 445.0785287618637,