{"rec_texts": ["81103696", "60si", "1215189", "nicians", "techni", "der", "look", "l00", "vocs", "total", "acetate", "npropyl", "acetate", "isopropyl", "toluene", "voces", "y", "to", "composit", "solvent", "solids", "total", "garborulinid", "frlie", "modi", "esterroft", "fjonezi", "simply", "l", "blue", "pigments", "a", "34", "yellow", "pigments", "propanol", "wi2", "set", "nitrate", "celluloses", "bean", "soy", "epoxidized", "oll", "gradel", "frood", "lecithin", "composit", "solids", "acd", "skgc45is", "anons", "formula", "1", "liges", "1", "dec", "green", "falcon", "same", "product", "baw", "stomer", "cust", "received", "form", "composit", "formula", "scorps", "coatings", "jinks", "aarbergstrahan"], "rec_scores": [0.7519591674208641, 0.7788345441222191, 0.9184462002345494, 0.9032825699874333, 0.9999838272730509, 0.8971192439397176, 0.9317659139633179, 0.5746282537778219, 0.873246505856514, 0.9999176859855652, 0.9948383569717407, 0.973245518548148, 0.9998848523412432, 0.9976427952448527, 0.9999437928199768, 0.5541983902454376, 0.16721053421497345, 0.9998030066490173, 0.9998243302106857, 0.9999935456684658, 0.9999813238779703, 0.9999793291091919, 0.6934496015310287, 0.6664478957653046, 0.9830237179994583, 0.9360879394743178, 0.6921001481158393, 0.696198637286822, 0.1963195949792862, 0.9999819099903107, 0.9695739671587944, 0.13346917927265167, 0.8926325142383575, 0.9990520974000295, 0.9966248348355293, 0.9995625242590904, 0.9512775540351868, 0.6144518156846365, 0.997299347605024, 0.9570158839225769, 0.999995619058609, 0.9110366503397623, 0.9999933958053588, 0.7284420927365621, 0.8942429174979528, 0.8219862461090088, 0.9995677471160889, 0.9999760389328003, 0.9999438226222992, 0.8707763353983561, 0.8639988899230957, 0.43971468806266784, 0.9997957093375069, 0.9044986367225647, 0.5884449243545532, 0.9528874158859253, 0.996311088403066, 0.9967475175857544, 0.9999867479006449, 0.4951624386012554, 0.9998859422547477, 0.9017623662948608, 0.9796114961306254, 0.9998602867126465, 0.9999257698655128, 0.9995170831680298, 0.9999192804098129, 0.9999289257185799, 0.6317698061466217, 0.9997954964637756, 0.8282941102981567, 0.9997182275567736], "det_polygons": [[607.9907686114311, 985.3161731398249, 608.9454415440559, 967.1753113528331, 694.6213400959969, 971.6851108045462, 693.666667163372, 989.825972591538], [567.6556763648987, 982.7275103833301, 568.83837890625, 964.985031679452, 614.5138767957687, 968.0303550628294, 613.3311742544174, 985.7728337667073], [225.55407205224037, 949.268478945077, 226.2300268113613, 935.7480887907096, 280.23067340254784, 938.4483429322759, 279.5547186434269, 951.9687330866434], [183.71484375, 925.4518072289155, 183.71484375, 914.156626506024, 222.1142578125, 914.156626506024, 222.1142578125, 925.4518072289155], [146.8212890625, 924.6987951807228, 146.8212890625, 913.4036144578313, 186.7265625, 913.4036144578313, 186.7265625, 924.6987951807228], [252.984375, 908.8855421686746, 280.08984375, 908.8855421686746, 280.08984375, 923.1927710843372, 252.984375, 923.1927710843372], [275.572265625, 863.7048192771083, 304.9365234375, 863.7048192771083, 304.9365234375, 876.5060240963854, 275.572265625, 876.5060240963854], [249.569031894207, 875.5977584655026, 250.22416895627975, 861.1833503447383, 278.16174817085266, 862.4533228127352, 277.5066111087799, 876.8677309334995], [183.5999098420143, 850.090946059629, 183.7971494793892, 837.2695187488233, 239.58182215690613, 838.127871593797, 239.38458251953125, 850.9492989046028], [138.33275820314884, 849.9137234975055, 138.69686110317707, 835.71238690112, 178.65309883654118, 836.7369318582925, 178.28899593651295, 850.938268454678], [359.77026852965355, 661.9833061494022, 414.05117279291153, 661.1216441694512, 414.2300763130188, 672.3900760512754, 359.94914907217026, 673.2517380312264], [293.5076766908169, 672.3646600562405, 293.69875833392143, 658.6038980139307, 357.0372219979763, 659.4836683158414, 356.84614035487175, 673.2444303581512], [368.935546875, 650.6024096385541, 368.935546875, 639.3072289156626, 421.640625, 639.3072289156626, 421.640625, 650.6024096385541], [296.5865589380264, 649.0467025572995, 296.7234134674072, 638.5062803705054, 362.99937826395035, 639.3671150667121, 362.86252373456955, 649.9075372535061], [295.1484375, 628.012048192771, 295.1484375, 614.4578313253012, 348.6064453125, 614.4578313253012, 348.6064453125, 628.012048192771], [403.3702695965767, 598.461518804711, 403.98165732622147, 585.2135807634836, 461.047974050045, 587.8477441259176, 460.43658632040024, 601.0956821671451], [391.5234375, 597.1385542168674, 391.5234375, 588.8554216867469, 401.3115234375, 588.8554216867469, 401.3115234375, 597.1385542168674], [368.935546875, 597.8915662650602, 368.935546875, 588.1024096385541, 385.5, 588.1024096385541, 385.5, 597.8915662650602], [301.6370563209057, 596.0355092243975, 302.1708717048168, 584.1123282191264, 361.05103942751884, 586.7490653532096, 360.5172240436077, 598.6722463584807], [243.07170456647873, 594.8273072759789, 243.24734526872635, 584.2880800545934, 294.5452297925949, 585.1431237645895, 294.3695890903473, 595.6823509859751], [198.7734375, 559.4879518072289, 198.7734375, 545.933734939759, 246.9609375, 545.933734939759, 246.9609375, 559.4879518072289], [153.59765625, 557.9819277108434, 153.59765625, 544.4277108433735, 194.255859375, 544.4277108433735, 194.255859375, 557.9819277108434], [498.4139479994774, 393.3470392801675, 612.0823422074318, 392.28462311158694, 612.1599145531654, 400.5810841020331, 498.49152034521103, 401.6435002706137], [429.12686187028885, 398.32549497305627, 429.1874307990074, 393.0551459990352, 497.73822301626205, 393.8431797257389, 497.6776540875435, 399.1135286997599], [366.6767578125, 399.09638554216866, 366.6767578125, 392.3192771084337, 393.7822265625, 392.3192771084337, 393.7822265625, 399.09638554216866], [299.59825471043587, 399.7997146054922, 299.73510923981667, 389.2592924186982, 364.51523289084435, 390.1006399867046, 364.37837836146355, 400.64106217349865], [615.896484375, 404.367469879518, 615.896484375, 386.29518072289153, 663.3310546875, 386.29518072289153, 663.3310546875, 404.367469879518], [662.4647995233536, 406.0667566506259, 663.9673501253128, 383.5263539509601, 714.4402931928635, 386.89160634236157, 712.9377425909042, 409.43200904202746], [401.3115234375, 380.27108433734935, 401.3115234375, 365.96385542168673, 434.4404296875, 365.96385542168673, 434.4404296875, 380.27108433734935], [365.1708984375, 380.27108433734935, 365.1708984375, 365.96385542168673, 399.052734375, 365.96385542168673, 399.052734375, 380.27108433734935], [298.9130859375, 380.27108433734935, 298.9130859375, 365.96385542168673, 362.912109375, 365.96385542168673, 362.912109375, 380.27108433734935], [354.6298828125, 349.39759036144574, 358.39453125, 349.39759036144574, 358.39453125, 355.4216867469879, 354.6298828125, 355.4216867469879], [419.1385951638222, 346.6983703245599, 432.4827849268913, 345.0301526540733, 433.8728372454643, 356.1515578304428, 420.5286474823952, 357.81977550092944], [363.6650390625, 357.68072289156623, 363.6650390625, 344.12650602409633, 413.3583984375, 344.12650602409633, 413.3583984375, 357.68072289156623], [298.9130859375, 359.1867469879518, 298.9130859375, 343.37349397590356, 356.888671875, 343.37349397590356, 356.888671875, 359.1867469879518], [492.01712465286255, 335.36373276308353, 492.4859594106674, 324.4221239204866, 551.3966413736343, 326.94713178887423, 550.9278066158295, 337.88874063147114], [461.5458984375, 336.59638554216866, 461.5458984375, 323.04216867469876, 486.392578125, 323.04216867469876, 486.392578125, 336.59638554216866], [429.9228515625, 336.59638554216866, 429.9228515625, 321.5361445783132, 457.78125, 321.5361445783132, 457.78125, 336.59638554216866], [371.8741968870163, 334.27442987281154, 372.08439588546753, 321.4519914374294, 428.50191736221313, 322.3769865840314, 428.2917183637619, 335.1994250194136], [298.80258670449257, 335.75834710913966, 298.99752858281136, 319.9660979121564, 371.27707824110985, 