{"rec_texts": ["others", "clb", "sheb", "no", "yes", "rrequireds", "endedl", "ecomten", "re", "approval", "legal", "sam", "chilcote", "kloepfer", "bill", "read", "division", "date", "rinitials", "or", "namer", "approvalsi", "writery", "subjects", "dates", "institute", "tobacco", "the", "sheet", "approval", "communications", "public", "attachment"], "rec_scores": [0.9743045171101888, 0.8478389581044515, 0.9754547327756882, 0.9879152476787567, 0.9999012549718221, 0.8518302857875824, 0.8318082292874655, 0.7160924971103668, 0.9996583759784698, 0.9999593943357468, 0.9998589754104614, 0.9996060132980347, 0.9990547373890877, 0.9991242587566376, 0.9978252798318863, 0.7699828390032053, 0.99972303211689, 0.9999546855688095, 0.9143667105171416, 0.9974817335605621, 0.8092693746089935, 0.9856643974781036, 0.8921220260007041, 0.9993869811296463, 0.9978376507759095, 0.9999673432774014, 0.9996994308062962, 0.96783975760142, 0.9931928396224976, 0.9999856799840927, 0.9991960738386426, 0.9999772906303406, 0.9999285638332367], "det_polygons": [[86.70235222578049, 524.27491687593, 87.20382052659988, 510.23565019880016, 138.74952507019043, 512.0763324555896, 138.24805676937103, 526.1155991327195], [86.3203125, 495.5357142857142, 86.3203125, 481.39880952380946, 116.0859375, 481.39880952380946, 116.0859375, 495.5357142857142], [87.064453125, 467.2619047619047, 87.064453125, 453.12499999999994, 124.271484375, 453.12499999999994, 124.271484375, 467.2619047619047], [568.5234375, 433.0357142857142, 592.3359375, 433.0357142857142, 592.3359375, 447.91666666666663, 568.5234375, 447.91666666666663], [442.01953125, 445.68452380952374, 442.01953125, 431.547619047619, 471.78515625, 431.547619047619, 471.78515625, 445.68452380952374], [316.18984347581863, 442.5155094691685, 316.3082955479622, 431.50011698404944, 392.9459459781647, 432.32409159342444, 392.8274939060211, 443.3394840785435], [274.58786791563034, 441.96424030122296, 274.58786791563034, 430.0594783964611, 314.02732104063034, 430.0594783964611, 314.02732104063034, 441.96424030122296], [232.171875, 441.96428571428567, 232.171875, 429.31547619047615, 276.8203125, 429.31547619047615, 276.8203125, 441.96428571428567], [214.3125, 441.220238095238, 214.3125, 428.5714285714285, 233.66015625, 428.5714285714285, 233.66015625, 441.220238095238], [138.2844258248806, 442.0865376790364, 138.5051608979702, 426.1959620884486, 207.72787284851074, 427.1572657993861, 207.50713777542114, 443.0478413899739], [87.064453125, 443.4523809523809, 87.064453125, 424.8511904761904, 132.45703125, 424.8511904761904, 132.45703125, 443.4523809523809], [87.80859375, 414.43452380952374, 87.80859375, 398.80952380952374, 117.57421875, 398.80952380952374, 117.57421875, 414.43452380952374], [121.127690076828, 412.77045295352025, 121.53007739782333, 397.0794223603748, 192.8825308084488, 398.9087513514927, 192.48014348745346, 414.59978194463815], [128.736328125, 387.64880952380946, 128.736328125, 371.27976190476187, 201.662109375, 371.27976190476187, 201.662109375, 387.64880952380946], [87.57014536857605, 383.8215782528831, 87.9710111618042, 368.9916928609212, 123.68378859758377, 369.956788562593, 123.28292280435562, 384.78669666108624], [162.966796875, 360.1190476190476, 162.966796875, 343.74999999999994, 203.150390625, 343.74999999999994, 203.150390625, 360.1190476190476], [89.16907802224159, 356.3329378763834, 89.3250005543232, 343.70442799159457, 160.05351403355598, 344.57749412173314, 159.89759150147438, 357.206004006522], [603.3461666107178, 338.36146763392856, 603.7169651985168, 324.2734727405366, 640.8199875354767, 325.2497627621605, 640.4491889476776, 339.3377576555524], [479.845211148262, 336.1203784034365, 480.1817640066147, 322.6615360804966, 556.0924648046494, 324.5590754917689, 555.7559119462967, 338.0179178147088], [460.623046875, 334.0773809523809, 460.623046875, 323.6607142857142, 481.458984375, 323.6607142857142, 481.458984375, 334.0773809523809], [416.55474293231964, 320.81883294241766, 455.9881099462509, 319.8330970037551, 456.39715111255646, 336.19192668369834, 416.9637840986252, 337.1776626223609], [89.98466232419014, 299.8152233305431, 90.08367517590523, 289.4207636515299, 174.95051988959312, 290.2289345150902, 174.85150703787804, 300.6233941941034], [88.20650732517242, 259.00109608968097, 88.8374417424202, 242.5990785871233, 152.13885587453842, 245.03344581240697, 151.50792145729065, 261.43546331496464], [91.3709274083376, 203.11085383097327, 91.73078007996082, 189.6184512547084, 155.68140399456024, 191.32357551938009, 155.321551322937, 204.81597809564497], [90.78515625, 176.3392857142857, 90.78515625, 162.20238095238093, 134.689453125, 162.20238095238093, 134.689453125, 176.3392857142857], [380.1841204762459, 125.02477282569521, 454.6056089401245, 124.22464007423036, 454.7097086906433, 133.90413920084634, 380.288197517395, 134.7042719523112], [311.6895958185196, 134.6073377700079, 311.88135373592377, 121.18532544090633, 372.208203792572, 122.0470383053734, 372.01644587516785, 135.46905063447497], [275.71504747867584, 120.05472183227538, 307.0076504945755, 118.7510263352167, 307.7414810657501, 136.36057717459542, 276.44887804985046, 137.6642726716541], [478.7467589378357, 111.21513730003718, 479.4212272167206, 95.02919514973958, 525.0137386322021, 96.92864190964471, 524.3392703533173, 113.11458405994232], [403.2711696624756, 95.9916455405099, 473.95453691482544, 95.15027772812616, 474.1055996417999, 107.84157117207843, 403.4222323894501, 108.68293898446218], [278.2146677970886, 107.90639831906272, 278.4141014814377, 93.64740621475946, 397.5053515434265, 95.31281107947939, 397.30591785907745, 109.57179750714982], [217.93741500377655, 107.0315156664167, 218.16855096817017, 92.93498311723981, 271.68349850177765, 93.81215912955146, 271.45236253738403, 107.90869167872836], [537.8425340652466, 69.07753149668375, 538.0580914020538, 57.9787946882702, 623.7031180858612, 59.64159397851852, 623.487560749054, 70.74033078693208]], "det_scores": [0.8029604554176331, 0.8553096055984497, 0.8592429161071777, 0.8062118887901306, 0.8431881666183472, 0.7738515734672546, 0.8033970594406128, 0.811436116695404, 0.80905681848526, 0.8412843346595764, 0.8465791344642639, 0.8271058797836304, 0.9238216876983643, 0.827556312084198, 0.8713523149490356, 0.8235543966293335, 0.8658211827278137, 0.8934955596923828, 0.8070057034492493, 0.6827267408370972, 0.8485599756240845, 0.8559030294418335, 0.7614141702651978, 0.7800536751747131, 0.8420274257659912, 0.9252033829689026, 0.8698354363441467, 0.8327436447143555, 0.8501300811767578, 0.8923766613006592, 0.8356673717498779, 0.8962840437889099, 0.8932786583900452]}