{"rec_texts": ["cozamka", "rthans", "aer", "inol", "comail", "t", "tunet", "durve", "or", "vviaf", "aniel", "tol", "ompleted", "dthed", "sendt", "afaxe", "supply", "fields", "in", "lindal", "k02568711", "gpc", "fbags", "cgolfe", "kool", "fbags", "lgolfe", "andior", "jordert", "eplacet", "please", "rmys", "rfort", "following", "he", "tkools", "sections", "sforr", "fbagst", "cgolfe", "ropos", "section", "name", "managers", "sales", "hatch", "peterl", "number", "section", "kool", "golfe", "e", "fbags", "o", "urvey"], "rec_scores": [0.7605956835406167, 0.9242659608523051, 0.7376630504926046, 0.9833455234766006, 0.7425057192643484, 0.42186278104782104, 0.5061029255390167, 0.7957077383995056, 0.940762996673584, 0.8219166815280914, 0.6711337029933929, 0.9762695630391439, 0.9308891147375107, 0.7285536110401154, 0.9957472801208496, 0.7528350710868835, 0.8858929028113683, 0.7347585111856461, 0.7302934229373932, 0.9043262054522833, 0.632701598935657, 0.7837116718292236, 0.9674545526504517, 0.664009893933932, 0.9999922811985016, 0.9950149655342102, 0.7379878461360931, 0.84094966451327, 0.8421914236886161, 0.7810741790703365, 0.9997110962867737, 0.959817424416542, 0.8926037192344666, 0.9471912582715353, 0.7557354271411896, 0.8458704600731531, 0.9275126904249191, 0.9238389372825623, 0.9145471056302389, 0.7109615008036295, 0.5959683001041413, 0.9999819653374808, 0.7981776595115662, 0.9999703019857407, 0.9984272360801697, 0.9947974443435669, 0.824346716205279, 0.9843444228172302, 0.9675582562174115, 0.9999941885471344, 0.85492222905159, 0.6413924098014832, 0.9939772248268127, 0.2531059980392456, 0.8610812425613403], "det_polygons": [[51.87768492102623, 383.23332497437076, 106.85562753677368, 381.4592548445159, 107.3007515668869, 395.2628433434672, 52.32281470298767, 397.036913473322], [167.03811275959015, 358.09963680859966, 167.46687853336334, 343.5172516835761, 202.31599247455597, 344.5425594554228, 201.88722670078278, 359.12494458044637], [132.6875, 358.97435897435895, 132.6875, 343.8914027149321, 165.859375, 343.8914027149321, 165.859375, 358.97435897435895], [111.578125, 343.8914027149321, 132.6875, 343.8914027149321, 132.6875, 359.72850678733033, 111.578125, 359.72850678733033], [53.36487704515457, 343.94442873303166, 110.73377668857574, 342.987981137467, 110.99840772151947, 358.8709306213471, 53.6295080780983, 359.82737821691177], [241.25, 359.72850678733033, 241.25, 343.8914027149321, 257.8359375, 343.8914027149321, 257.8359375, 359.72850678733033], [202.27191030979156, 357.9394310308258, 203.158017039299, 341.9839850378252, 241.02961218357086, 344.0886392492694, 240.14350545406342, 360.04408524227], [193.62435162067413, 340.82885097774084, 193.90053236484528, 326.4618380217171, 241.43702709674835, 327.3763066862863, 241.1608463525772, 341.74331964231004], [619.7109375, 326.54600301659127, 636.296875, 326.54600301659127, 636.296875, 339.3665158371041, 619.7109375, 339.3665158371041], [458.375, 340.87481146304674, 458.375, 325.7918552036199, 483.25390625, 325.7918552036199, 483.25390625, 340.87481146304674], [299.87343525886536, 326.5881200361755, 352.7741496562958, 325.6757227004383, 353.00937724113464, 339.32435278799016, 300.1086628437042, 340.23675012372735], [243.51171875, 340.87481146304674, 243.51171875, 326.54600301659127, 260.09765625, 326.54600301659127, 260.09765625, 340.87481146304674], [119.0213732123375, 327.35389030537095, 192.21051281690598, 326.50257415541336, 192.35962373018265, 339.33012949395504, 119.17048412561417, 340.1814456439126], [91.9765625, 341.62895927601807, 91.9765625, 325.7918552036199, 116.85546875, 325.7918552036199, 116.85546875, 341.62895927601807], [53.52734375, 342.38310708898945, 53.52734375, 325.03770739064856, 91.22265625, 325.03770739064856, 91.22265625, 342.38310708898945], [482.5, 325.03770739064856, 507.37890625, 325.03770739064856, 507.37890625, 340.1206636500754, 482.5, 340.1206636500754], [409.18045449256897, 340.79713663184623, 409.5064232349396, 324.1679103845565, 457.0877363681793, 325.1011590972026, 456.7617676258087, 341.73038534449233], [370.16796875, 340.87481146304674, 370.16796875, 324.28355957767724, 407.86328125, 324.28355957767724, 407.86328125, 340.87481146304674], [355.08984375, 340.1206636500754, 355.08984375, 325.7918552036199, 370.16796875, 325.7918552036199, 370.16796875, 340.1206636500754], [261.46928799152374, 339.263685867977, 261.8475295305252, 324.88530361814196, 299.57624876499176, 325.8784827783277, 299.1980072259903, 340.2568650281627], [510.3353102207184, 323.6017241557079, 615.8994867801666, 322.76366451027525, 616.0370709896088, 340.1019756610577, 510.4728944301605, 340.94003530649036], [69.359375, 290.3469079939668, 69.359375, 273.0015082956259, 105.546875, 273.0015082956259, 105.546875, 290.3469079939668], [138.71875, 291.8552036199095, 138.71875, 271.49321266968326, 178.67578125, 271.49321266968326, 178.67578125, 291.8552036199095], [106.30078125, 289.59276018099547, 106.30078125, 272.2473604826546, 138.71875, 272.2473604826546, 138.71875, 289.59276018099547], [60.31248849630356, 253.39364214360623, 60.31248849630356, 239.06483369715073, 102.53123849630356, 239.06483369715073, 102.53123849630356, 253.39364214360623], [138.71875, 256.4102564102564, 138.71875, 236.04826546003017, 177.921875, 236.04826546003017, 177.921875, 256.4102564102564], [105.546875, 236.8024132730015, 138.71875, 236.8024132730015, 138.71875, 254.90196078431373, 105.546875, 254.90196078431373], [340.765625, 217.1945471209818, 340.765625, 203.61988648749764, 386.0, 203.61988648749764, 386.0, 217.1945471209818], [236.7265625, 217.94871794871796, 236.7265625, 203.61990950226243, 273.66796875, 203.61990950226243, 273.66796875, 217.94871794871796], [101.51741772890091, 203.77723843443627, 142.37245053052902, 202.75552096589837, 142.78495007753372, 219.26101983762254, 101.92991727590561, 220.28273730616044], [50.31587406992912, 218.49877082744155, 50.63789704442024, 202.7144165959653, 100.48264873027802, 203.73199140683917, 100.16061425209045, 219.5163456383154], [516.088446855545, 218.32786318403564, 516.9152405261993, 202.61365795567025, 540.0239579677582, 203.8303104820654, 539.1971642971039, 219.5445157104308], [274.421875, 217.1945701357466, 274.421875, 203.61990950226243, 294.77734375, 203.61990950226243, 294.77734375, 217.1945701357466], [170.17648220062256, 216.32995145173453, 170.55780673027039, 202.59828409278376, 233.23026704788208, 204.33976531568155, 232.84894251823425, 218.07143267463235], [143.99609375, 217.1945701357466, 143.99609375, 203.61990950226243, 167.3671875, 203.61990950226243, 167.3671875, 217.1945701357466], [294.77734375, 217.94871794871796, 294.77734375, 201.35746606334843, 338.50390625, 201.35746606334843, 338.50390625, 217.94871794871796], [541.8875107765198, 201.3715050698765, 600.7586436271667, 200.47922263857467, 600.9993009567261, 216.3698130243684, 542.1281681060791, 217.26209545567025], [493.8720021247864, 217.75182663585267, 494.98951721191406, 200.98372929775877, 517.4566044807434, 202.4820365157782, 516.3390893936157, 219.2501338538721], [456.60784816741943, 218.19145467306512, 457.20272731781006, 200.33798102699612, 494.22861671447754, 201.57258506993543, 493.6337375640869, 219.42605871600443], [424.44921875, 217.94871794871796, 424.44921875, 200.60331825037707, 456.8671875, 200.60331825037707, 456.8671875, 217.94871794871796], [386.75390625, 217.94871794871796, 386.75390625, 200.60331825037707, 422.94140625, 200.60331825037707, 422.94140625, 217.94871794871796], [51.265625, 166.66666666666666, 51.265625, 150.07541478129713, 104.0390625, 150.07541478129713, 104.0390625, 166.66666666666666], [226.171875, 163.6500754147813, 226.171875, 150.07541478129713, 270.65234375, 150.07541478129713, 270.65234375, 163.6500754147813], [150.78125, 163.6500754147813, 150.78125, 150.07541478129713, 219.38671875, 150.07541478129713, 219.38671875, 163.6500754147813], [106.95309835672379, 150.88327905531202, 146.8038814663887, 149.9773028389541, 147.11330789327621, 163.59635895373773, 