{"rec_texts": ["por2", "batxor", "personnel", "assigned", "other", "project", "leader", "records", "bmc", "prc", "piit", "gasprinkler", "rdc", "aun", "cos", "rss", "approved", "assigned", "barbee", "personnel", "other", "ferences", "ionsa", "cigarette", "circum", "tn", "dimensi", "r49", "sax", "companion", "to", "famous", "pall", "ciqarettosh", "mall", "as", "mg", "delivering", "menthol", "starn", "2124", "objective", "menthol", "nonfilter", "develop", "to", "project", "cigarette", "by", "requested", "sprinkles", "work", "kii", "leader", "project", "anders", "name", "regular", "pall", "project", "menthol", "mall", "date", "code", "pmrm", "project", "april", "1965", "b0", "form", "initiation", "project"], "rec_scores": [0.3179330416023731, 0.6252595037221909, 0.9999776018990411, 0.9699498116970062, 0.9990157723426819, 0.8387860485485622, 0.9999966025352478, 0.9987380334309169, 0.9678374727567037, 0.9832744201024374, 0.600661464035511, 0.6418849785219539, 0.9577457110087076, 0.46284485856692, 0.5979426105817159, 0.99576868613561, 0.9999742060899734, 0.8314592279493809, 0.9851845502853394, 0.9996458225780063, 0.9981055378913879, 0.9804095104336739, 0.8254796743392945, 0.9999564952320523, 0.9897173941135406, 0.3241884857416153, 0.9989655954497201, 0.5079499383767446, 0.7952024340629578, 0.9971149630016751, 0.9944294691085815, 0.9903522729873657, 0.999139204621315, 0.8788633129813455, 0.9996434450149536, 0.9621773958206177, 0.9452594816684723, 0.9999845266342163, 0.9947957141058785, 0.6720978885889053, 0.9812474548816681, 0.9993297259012858, 0.9995818308421544, 0.9999428391456604, 0.9999157190322876, 0.7734904587268829, 0.9999261668750218, 0.9991624885135226, 0.9739621877670288, 0.9996018078592088, 0.9335291816128625, 0.998346284031868, 0.7529989778995514, 0.9998690187931061, 0.9999662978308541, 0.9999163150787354, 0.89472296833992, 0.9999428476606097, 0.9999566972255707, 0.9837429778916496, 0.9608979821205139, 0.9974273294210434, 0.8677178025245667, 0.8217777609825134, 0.8351025059819221, 0.9780260409627642, 0.998586094379425, 0.8445637077093124, 0.423175398260355, 0.9853949397802353, 0.9988450825214386, 0.9999490806034633], "det_polygons": [[552.7119480371475, 886.8035816010973, 552.9852780103683, 868.2172866094679, 618.4882746934891, 869.1804068429128, 618.2149447202682, 887.7667018345423], [501.8322865962982, 884.9424634660992, 502.94713497161865, 866.3634345644995, 553.2336730957031, 869.3803151448567, 552.1188247203827, 887.9593440464564], [197.14537471532822, 822.8634425571986, 197.26791447401047, 812.4482291085378, 267.93397718667984, 813.2794698079426, 267.8114374279976, 823.6946832566033], [273.7864315509796, 823.6116681780132, 273.951437830925, 810.9070914132253, 340.15910625457764, 811.7668515159969, 339.99409997463226, 824.4714282807848], [151.6301546394825, 822.8062220982142, 151.8911307156086, 811.8465968540736, 192.14047944545746, 812.8048124767485, 191.87950336933136, 823.7644377208891], [150.94814684987068, 809.4589596702938, 151.1507371366024, 797.5071498325892, 207.70180249214172, 798.4655471075148, 207.49918949604034, 810.4173569452194], [212.08005541563034, 810.2677663167317, 212.08005541563034, 796.1308615548269, 261.19333666563034, 796.1308615548269, 261.19333666563034, 810.2677663167317], [151.8046875, 797.6190476190475, 151.8046875, 787.2023809523808, 207.615234375, 787.2023809523808, 207.615234375, 797.6190476190475], [151.8046875, 774.5535714285713, 175.6171875, 774.5535714285713, 175.6171875, 784.2261904761904, 151.8046875, 784.2261904761904], [150.89128258824348, 762.7125694638206, 176.21184369921684, 761.7389133998325, 176.6075544655323, 772.0258803594679, 151.28699335455894, 772.999536423456], [151.060546875, 760.4166666666666, 151.060546875, 748.5119047619047, 177.10546875, 748.5119047619047, 177.10546875, 760.4166666666666], [431.55659794807434, 738.1280263264973, 523.0983395576477, 737.3321169898622, 523.1693744659424, 745.5031077067057, 431.627632856369, 746.2990170433407], [151.060546875, 747.767857142857, 151.060546875, 736.6071428571428, 177.10546875, 736.6071428571428, 177.10546875, 747.767857142857], [470.5375943183899, 732.7337265014647, 471.2685635089874, 723.2317697434197, 514.6301064491272, 726.5668142409551, 513.8991372585297, 736.0687709990001], [112.6187958419323, 724.7847148350306, 136.6222589313984, 723.1847218104771, 137.40262100100517, 734.8886671520414, 113.39915791153908, 736.488660176595], [151.060546875, 736.6071428571428, 151.060546875, 722.470238095238, 177.849609375, 722.470238095238, 177.849609375, 736.6071428571428], [391.3220443725586, 687.5496364775157, 456.06100702285767, 686.7089498610723, 456.2124330997467, 698.3702069237117, 391.47347044944763, 699.2108935401552], [128.63921150565147, 565.5362265450614, 192.68296086788177, 564.6936325799851, 192.8198983669281, 575.0986735026041, 128.77613765001297, 575.9412674676804], [320.724609375, 575.1487641107468, 320.724609375, 563.9880498250325, 369.837890625, 563.9880498250325, 369.837890625, 575.1487641107468], [160.734375, 562.4999999999999, 160.734375, 552.8273809523808, 229.939453125, 552.8273809523808, 229.939453125, 562.4999999999999], [113.67704111337662, 552.8959092639741, 154.63395702838898, 552.0056315830775, 154.86102801561356, 562.4497277396065, 113.9041121006012, 563.3400054205031], [276.5131001472473, 536.2881705874488, 276.8870780467987, 527.4382545834495, 335.17185616493225, 529.9006416684105, 334.79787826538086, 538.7505576724097], [402.580078125, 502.2321428571428, 436.810546875, 502.2321428571428, 436.810546875, 511.1607142857142, 402.580078125, 511.1607142857142], [275.2610644698143, 511.84118361700143, 275.3865564465523, 501.42606099446607, 346.07864409685135, 502.2776467459542, 345.9531521201134, 512.6927693684895], [553.5598250627518, 502.26833706810356, 607.1713782548904, 501.43073853992274, 607.2998224496841, 509.6481414068312, 553.6882692575455, 510.485739935012], [529.828125, 501.4880952380952, 549.17578125, 501.4880952380952, 549.17578125, 510.41666666666663, 529.828125, 510.41666666666663], [352.58685421943665, 501.94672175816123, 402.41221046447754, 500.25790078299383, 402.7530326843262, 510.3099005562918, 352.9276764392853, 511.9987215314592], [488.900390625, 512.6488095238095, 488.900390625, 499.2559523809523, 526.107421875, 499.2559523809523, 526.107421875, 512.6488095238095], [452.185653090477, 510.5543590727306, 452.4610723257065, 500.64141409737715, 487.6152673959732, 501.61779494512643, 487.3398481607437, 511.53073992047985], [274.587890625, 488.095238095238, 274.587890625, 476.93452380952374, 346.76953125, 476.93452380952374, 346.76953125, 488.095238095238], [351.234375, 488.095238095238, 351.234375, 476.19047619047615, 371.326171875, 476.19047619047615, 371.326171875, 488.095238095238], [452.3468441963196, 476.9753047398158, 499.2785725593567, 476.15205673944376, 499.42254996299744, 484.3601953415643, 452.4908215999603, 485.1834433419363], [373.3419009447098, 475.61309451148617, 409.1149717569351, 474.64634123302636, 409.4354463815689, 486.5022386823381, 373.66237556934357, 487.46899196079795], [507.4472236633301, 484.32436443510505, 507.5256164073944, 476.16917746407637, 590.1676468849182, 476.96372440883084, 590.0892541408539, 485.1189113798595], [412.77549505233765, 475.54334004720045, 447.0195894241333, 474.50574239095045, 447.3745822906494, 486.21940612792963, 413.13048791885376, 487.25700378417963], [476.994140625, 459.0773809523809, 476.994140625, 451.6369047619047, 493.365234375, 451.6369047619047, 493.365234375, 459.0773809523809], [404.068359375, 459.8214285714285, 404.068359375, 450.8928571428571, 423.416015625, 450.8928571428571, 423.416015625, 459.8214285714285], [275.33203125, 461.30952380952374, 275.33203125, 449.40476190476187, 354.2109375, 449.40476190476187, 354.2109375, 461.30952380952374], [512.712890625, 459.8214285714285, 512.712890625, 449.40476190476187, 570.01171875, 449.40476190476187, 570.01171875, 459.8214285714285], [428.5255329608917, 448.7475440615699, 470.10829639434814, 