{"rec_texts": ["foos3035", "atxoz", "as", "possibles", "soon", "ras", "development", "and", "rtments", "research", "of", "depart", "brickey", "to", "return", "pletes", "compl", "and", "manager", "purchasing", "local", "quality", "control", "tester", "reasonsa", "state", "approved", "not", "approved", "not", "approved", "periods", "test", "eto", "flapst", "end", "carton", "stippings", "applications", "coder", "adhesive", "suppliers", "devaluation", "sives", "adiest", "test"], "rec_scores": [0.6316505819559097, 0.907650637626648, 0.9492342174053192, 0.8943406542142233, 0.9904964417219162, 0.5182697176933289, 0.6800358512184836, 0.7881265779336294, 0.8833562391144889, 0.9999831467866898, 0.9997590780258179, 0.9999745488166809, 0.9998369812965393, 0.9995653331279755, 0.9996466338634491, 0.9419487516085306, 0.997771418094635, 0.7775362531344095, 0.9999346818242755, 0.9999428987503052, 0.9994406461715698, 0.9983139038085938, 0.999863862991333, 0.9995634456475576, 0.849950173869729, 0.9998726844787598, 0.9997781738638878, 0.9836102326711019, 0.9674005955457687, 0.9999464750289917, 0.9999692738056183, 0.8626050863947187, 0.9999726414680481, 0.5140192409356436, 0.9046148061752319, 0.9465375542640686, 0.9920613865057627, 0.8064585990375943, 0.9889294852813085, 0.7191876113414765, 0.9985710009932518, 0.9994574785232544, 0.8531254651871595, 0.8636627197265625, 0.8304197986920675, 0.9929131865501404], "det_polygons": [[568.5234375, 898.8095238095237, 568.5234375, 880.2083333333333, 632.51953125, 880.2083333333333, 632.51953125, 898.8095238095237], [518.666015625, 898.8095238095237, 518.666015625, 881.6964285714284, 565.546875, 881.6964285714284, 565.546875, 898.8095238095237], [333.375, 717.2619047619047, 333.375, 706.1011904761904, 353.466796875, 706.1011904761904, 353.466796875, 717.2619047619047], [356.2852113246918, 706.9872447422572, 428.4519546031952, 704.347292582194, 428.96654891967773, 718.4109006609235, 356.7998056411743, 721.0508528209867], [295.8657978773117, 716.3061414446149, 296.4496103525162, 705.2152724493117, 330.5464571714401, 707.0096333821614, 329.96264469623566, 718.1005023774645], [271.611328125, 716.5178571428571, 271.611328125, 704.6130952380952, 291.703125, 704.6130952380952, 291.703125, 716.5178571428571], [179.94825035333633, 715.6902040754045, 180.17770582437515, 703.072638738723, 270.9599098563194, 704.723040262858, 270.7304543852806, 717.3406055995396], [148.45102456212044, 716.2519182477678, 149.16487088799477, 701.2632460821242, 176.60042372345924, 702.5695074172246, 175.88657739758492, 717.5581795828682], [482.81046438217163, 693.524814787365, 521.5021433830261, 692.6250911894298, 521.745133638382, 703.0707313900901, 483.05345463752747, 703.9704549880254], [551.408203125, 703.8690476190475, 551.408203125, 691.220238095238, 616.1484375, 691.220238095238, 616.1484375, 703.8690476190475], [527.890289068222, 693.1124641781761, 544.9715502262115, 691.8924876621791, 545.7043361663818, 702.1504810878208, 528.6230750083923, 703.3704576038178], [441.805291056633, 704.9983796619233, 442.15392529964447, 691.0562061128161, 483.18621361255646, 692.0819055466424, 482.837579369545, 706.0240790957496], [373.2934618592262, 703.636986868722, 373.74437910318375, 690.1103428431919, 431.87162232398987, 692.0476640973772, 431.42070508003235, 705.5743081229073], [303.609375, 703.1249999999999, 303.609375, 690.4761904761904, 322.95703125, 690.4761904761904, 322.95703125, 703.1249999999999], [249.28708666563034, 703.1249999999999, 249.28708666563034, 689.7321428571428, 299.14450854063034, 689.7321428571428, 299.14450854063034, 703.1249999999999], [179.0126697421074, 690.7182875133695, 214.07389265298843, 689.5093917846679, 214.54052478075027, 703.0401229858397, 179.47930186986923, 704.2490187145414], [149.41339087486267, 702.5731858753022, 149.79413616657257, 689.6291914440336, 184.78225761651993, 690.6581606183732, 184.40151232481003, 703.6021550496419], [218.77734375, 703.8690476190475, 218.77734375, 688.9880952380952, 244.822265625, 688.9880952380952, 244.822265625, 703.8690476190475], [149.572265625, 668.8988095238094, 149.572265625, 656.9940476190476, 204.638671875, 656.9940476190476, 204.638671875, 668.8988095238094], [194.73289024829865, 647.8919528779529, 195.14229476451874, 635.0662140619187, 274.1307510137558, 637.586820693243, 273.7213464975357, 650.4125595092772], [147.89047783613205, 650.239899044945, 148.2648645043373, 634.5175334385463, 190.70997083187103, 635.52797408331, 190.33558416366577, 651.2503396897088], [148.71419209241867, 617.5956271943592, 205.31270867586136, 616.7249679565429, 205.52717596292496, 630.663962591262, 148.92865937948227, 631.5346218290782], [210.34203922748566, 629.2704627627418, 210.73627388477325, 616.657257080078, 267.35195875167847, 618.426277523949, 266.95772409439087, 631.0394832066127], [147.33984375, 610.8630952380952, 147.33984375, 597.4702380952381, 197.94140625, 597.4702380952381, 197.94140625, 610.8630952380952], [318.4921875, 418.15476190476187, 318.4921875, 406.9940476190476, 377.279296875, 406.9940476190476, 377.279296875, 418.15476190476187], [271.611328125, 418.15476190476187, 271.611328125, 404.7619047619047, 313.283203125, 404.7619047619047, 313.283203125, 418.15476190476187], [203.08825778961182, 404.8152196974981, 266.31718361377716, 403.9247603643508, 266.49545216560364, 416.58156258719305, 203.2665263414383, 417.47202192034035], [170.408203125, 417.4107142857142, 170.408203125, 402.52976190476187, 197.197265625, 402.52976190476187, 197.197265625, 417.4107142857142], [433.70731151103973, 352.74414789109, 499.97543227672577, 351.79760342552544, 500.1978932619095, 367.36629122779476, 433.92977249622345, 368.3128356933593], [401.8359375, 366.81547619047615, 401.8359375, 352.6785714285714, 430.857421875, 352.6785714285714, 430.857421875, 366.81547619047615], [193.99279189109802, 364.9443217686244, 194.36322712898254, 351.05537232898524, 259.17644941806793, 352.7835210164388, 258.8060141801834, 366.6724704560779], [185.7466677725315, 311.47643498011996, 186.46373882889748, 297.37599690755206, 241.46364068984985, 300.17226082938055, 240.7465696334839, 314.27269890194844], [147.33984375, 298.3630952380952, 182.314453125, 298.3630952380952, 182.314453125, 313.2440476190476, 147.33984375, 313.2440476190476], [364.40608191490173, 273.71783483596073, 364.7173819541931, 260.33219837007067, 404.32579278945923, 261.2532206944057, 404.01449275016785, 274.63885716029574], [310.306640625, 273.8095238095238, 310.306640625, 260.41666666666663, 357.1875, 260.41666666666663, 357.1875, 273.8095238095238], [278.30859375, 273.8095238095238, 278.30859375, 260.41666666666663, 305.841796875, 260.41666666666663, 305.841796875, 273.8095238095238], [224.73046875, 273.8095238095238, 224.73046875, 260.41666666666663, 274.587890625, 260.41666666666663, 274.587890625, 273.8095238095238], [150.65440115332603, 272.83300672258645, 151.38368985056877, 259.8899205525716, 219.13696932792664, 263.7065251668294, 218.4076806306839, 276.64961133684426], [148.00669303536415, 259.63313238961354, 148.0971671640873, 249.23018046787803, 240.40892672538757, 250.0328109377906, 240.31845259666443, 260.4357628595261], [216.544921875, 223.95833333333331, 216.544921875, 207.5892857142857, 256.728515625, 207.5892857142857, 256.728515625, 223.95833333333331], [148.71390822529793, 220.1631636846633, 148.87078455090523, 209.02561006091886, 209.95157432556152, 209.88577888125462, 209.79469799995422, 221.02333250499905], [148.7546374797821, 168.97414979480558, 217.16768091917038, 168.11908994402202, 217.34426897764206, 182.24448249453587, 148.93122553825378, 183.09954234531946], [393.5788561105728, 107.17377208528063, 393.73073637485504, 92.89599600292387, 476.3051837682724, 93.77433004833402, 476.1533035039902, 108.05210613069079], [366.1171875, 105.6547619047619, 366.1171875, 93.74999999999999, 392.162109375, 93.74999999999999, 392.162109375, 105.6547619047619], [325.93359375, 104.91071428571428, 325.93359375, 93.74999999999999, 368.349609375, 