{"rec_texts": ["useh", "noxes", "brachchange", "secaraterrorm", "lpor", "m", "signatures", "an", "0s", "cmgrcigty", "iegiciaty", "engrciged", "emarcigty", "nicotine", "micoting", "from", "brand", "astylem", "fmsp", "carlton", "10o4s", "d", "7124190", "storm", "lchange", "mcotina", "tar", "datacon"], "rec_scores": [0.5509910881519318, 0.7217046856880188, 0.7993098775094206, 0.7987896203994751, 0.5619769394397736, 0.7884805202484131, 0.9633498966693879, 0.34748975932598114, 0.44724392890930176, 0.8501191139221191, 0.7791921231481764, 0.598292158709632, 0.7779793275727166, 0.9158558771014214, 0.864154152572155, 0.860179215669632, 0.9995750665664673, 0.7749004874910627, 0.9069572985172272, 0.9997773596218654, 0.5379666060209274, 0.9982408285140991, 0.9145519052233014, 0.8226326406002045, 0.8379383768354144, 0.6609523445367813, 0.7379378080368042, 0.778202371937888], "det_polygons": [[188.267578125, 564.7321428571428, 188.267578125, 551.3392857142857, 225.474609375, 551.3392857142857, 225.474609375, 564.7321428571428], [126.40514320135117, 552.1567208426338, 175.4716658592224, 551.2132190522693, 175.74483686685562, 565.4164268856956, 126.67831420898438, 566.3599286760602], [378.7187756896019, 563.1883257911318, 378.8315050005913, 549.550419762021, 479.3020484447479, 550.3806613740467, 479.18931913375854, 564.0185674031575], [223.9355045557022, 551.9001824515205, 341.5342494249344, 551.1162621634346, 341.60505723953247, 561.7358343941825, 224.0063123703003, 562.5197546822684], [344.98666405677795, 563.012713477725, 345.52183306217194, 548.5649108886718, 377.6411933898926, 549.7543698265438, 377.1060243844986, 564.202172415597], [502.294921875, 439.7321428571428, 515.689453125, 439.7321428571428, 515.689453125, 449.40476190476187, 502.294921875, 449.40476190476187], [347.37771087884903, 439.8495810372488, 432.7761365175247, 436.62743341355093, 433.1697807312012, 447.0573606945219, 347.7713323831558, 450.2795083182198], [444.47518622875214, 433.85414850144156, 467.29056322574615, 430.595216296968, 469.4187945127487, 445.49106416248134, 446.6034175157547, 448.7499963669549], [285.3479760289192, 389.9668738955543, 310.09028846025467, 388.84235563732324, 310.6733288168907, 401.66754949660526, 285.93101638555527, 402.79206775483624], [409.90516698360443, 354.9979527791341, 484.2808052301407, 353.30781482514874, 484.6357980966568, 368.92473129999064, 410.26015985012054, 370.61486925397594], [127.9921875, 369.79166666666663, 127.9921875, 353.422619047619, 208.359375, 353.422619047619, 208.359375, 369.79166666666663], [545.7435779571533, 369.8400996980213, 546.6376004219055, 350.7692927405947, 625.5175967216492, 354.46632476080026, 624.623574256897, 373.5371317182268], [269.8785123825073, 369.6441423325311, 270.2879168987274, 352.45221001761297, 346.9617887735367, 354.27754265921453, 346.5523842573166, 371.46947497413265], [544.6175565719604, 339.9688402811686, 544.7627148628235, 327.3387863522484, 619.2353675365448, 328.19468634469166, 619.0902092456818, 340.82474027361184], [266.31102937459946, 339.2261777605329, 266.4615016579628, 325.8350009009951, 341.69382816553116, 326.6801834106445, 341.5433558821678, 340.07136027018225], [212.56605863571167, 313.63805135091144, 213.01979184150696, 295.94516754150385, 253.88248658180237, 296.99280148460747, 253.42875337600708, 314.685685294015], [124.04721799492836, 239.68521753946936, 172.49052742123604, 238.63222485496883, 172.83711782097816, 254.57320894513808, 124.39380839467049, 255.62620162963864], [195.1395696401596, 238.43847002301894, 245.6403933763504, 235.78085218157085, 246.67848408222198, 255.50224667503718, 196.1776603460312, 258.1598645164853], [383.9765625, 244.79166666666663, 383.9765625, 231.3988095238095, 414.486328125, 231.3988095238095, 414.486328125, 244.79166666666663], [286.494140625, 243.3035714285714, 286.494140625, 232.1428571428571, 336.3515625, 232.1428571428571, 336.3515625, 243.3035714285714], [342.0858145952225, 232.27416901361372, 372.63604831695557, 231.25596273513065, 373.04322731494904, 243.4695788792201, 342.49299359321594, 244.4877851577032], [407.4170376062393, 174.47920072646366, 411.5098110437393, 170.38693882170176, 416.3467251062393, 175.22324834551128, 412.2539516687393, 179.31551025027318], [489.56949949264526, 162.9855292184012, 541.6191930770874, 162.10344859531946, 541.8493752479553, 175.6815683274042, 489.7996816635132, 176.56364895048594], [484.2427897453308, 114.2764886220296, 484.683260679245, 97.9796704791841, 528.6358830928802, 99.16742642720538, 528.1954121589661, 115.46424457005091], [426.1043053865433, 111.1812250954764, 426.57747781276703, 97.22429230099631, 483.98694598674774, 99.17012850443521, 483.513773560524, 113.12706129891531], [352.6312510371208, 110.06786709740047, 352.7733208537102, 97.42900303431918, 430.96506428718567, 98.30745061238605, 430.8229944705963, 110.94631467546733], [295.2652258872986, 98.29900378272646, 331.7416967153549, 97.31326784406389, 332.05890119075775, 109.04859361194427, 295.5824303627014, 110.03432955060686], [228.03688484430313, 97.47734523954844, 295.10959857702255, 94.60317520868209, 295.7894716858864, 110.46477726527621, 228.71675795316696, 113.33894729614256]], "det_scores": [0.7624825239181519, 0.8227309584617615, 0.79714435338974, 0.8201262354850769, 0.8178280591964722, 0.49105867743492126, 0.8966286182403564, 0.4951193928718567, 0.6473978161811829, 0.9045047163963318, 0.8195894360542297, 0.8067886233329773, 0.8981497287750244, 0.8590136766433716, 0.8068139553070068, 0.6965154409408569, 0.8843544721603394, 0.7814798951148987, 0.829273521900177, 0.8247501850128174, 0.8060607314109802, 0.36614593863487244, 0.8568112254142761, 0.8390411734580994, 0.7671878337860107, 0.8165593147277832, 0.7535284757614136, 0.7267025113105774]}