{"rec_texts": ["dule", "appraved", "by", "prepared", "file", "f", "i", "saccountingg", "dule", "br", "hy", "distributions", "prepareds", "approved", "0co", "131000001", "mmt", "prva", "osp", "sto00100", "garmmts", "displays", "dsp", "amount", "charge", "description", "offer", "code", "s7569", "focdot", "budgel", "hevised", "adjustment", "soloo", "carlton", "stock", "privater", "curront", "roodas", "s7569", "trudgets", "brands", "z", "displays", "description", "supp", "soo02", "project", "tno", "company", "tobacco", "recommendation", "expense", "american", "project", "marketing", "approved", "the"], "rec_scores": [0.6176133118569851, 0.9925885498523712, 0.771966964006424, 0.9642992541193962, 0.6160381585359573, 0.49389657378196716, 0.24217495322227478, 0.9014502167701721, 0.5546897649765015, 0.44188569486141205, 0.871796190738678, 0.9433468121748704, 0.9438876244756911, 0.9937261715531349, 0.7122734387715658, 0.7635055482387543, 0.9556434750556946, 0.8613199144601822, 0.8353637456893921, 0.7942297756671906, 0.709533657346453, 0.9452599883079529, 0.9960658152898153, 0.9997055530548096, 0.9999238550662994, 0.9999907883730802, 0.9694832563400269, 0.8899886459112167, 0.9222364783287048, 0.3641895775993665, 0.798912356297175, 0.9999013372829982, 0.9950477778911591, 0.8228261351585389, 0.998866047177996, 0.9989733934402466, 0.9108489900827408, 0.9117045317377362, 0.40583088248968124, 0.8369457602500916, 0.7794335037469864, 0.9999981125195821, 0.8927493691444397, 0.9999918788671494, 0.999988014047796, 0.6268415749073029, 0.7736159563064575, 0.9970134156090873, 0.9581558108329773, 0.9999614698546273, 0.9999952827181134, 0.982970586844853, 0.9999974966049194, 0.9859770983457565, 0.9538381951195853, 0.9560491641362509, 0.9999901950359344, 0.9997048775355021], "det_polygons": [[665.26171875, 843.7499999999999, 684.609375, 843.7499999999999, 684.609375, 850.4464285714284, 665.26171875, 850.4464285714284], [482.203125, 839.2857142857142, 482.203125, 828.8690476190475, 538.013671875, 828.8690476190475, 538.013671875, 839.2857142857142], [311.794921875, 842.2619047619047, 311.794921875, 828.1249999999999, 331.142578125, 828.1249999999999, 331.142578125, 842.2619047619047], [253.751953125, 839.2857142857142, 253.751953125, 828.1249999999999, 308.07421875, 828.1249999999999, 308.07421875, 839.2857142857142], [52.833984375, 810.267857142857, 80.3671875, 810.267857142857, 80.3671875, 825.1488095238094, 52.833984375, 825.1488095238094], [174.39037057757378, 807.3722294398716, 184.28543338179588, 805.7231903076171, 185.39158406853676, 812.3593103317986, 175.49652126431465, 814.0083494640531], [156.26953125, 810.267857142857, 156.26953125, 805.8035714285713, 171.15234375, 805.8035714285713, 171.15234375, 810.267857142857], [50.40961155295372, 809.2806679861885, 50.700711607933044, 798.365729195731, 122.24608111381531, 800.2734411330449, 121.95498105883598, 811.1883799235025], [664.517578125, 799.1071428571428, 686.09765625, 799.1071428571428, 686.09765625, 807.2916666666665, 664.517578125, 807.2916666666665], [543.966796875, 793.8988095238094, 543.966796875, 787.2023809523808, 560.337890625, 787.2023809523808, 560.337890625, 793.8988095238094], [314.02734375, 795.3869047619047, 314.02734375, 787.2023809523808, 330.3984375, 787.2023809523808, 330.3984375, 795.3869047619047], [42.35577902197838, 793.8353220621743, 42.564046651124954, 786.3387153262183, 128.81779798865318, 788.7343452090308, 128.6095303595066, 796.2309519449868], [252.89456087350845, 794.5463089715865, 253.24305886030197, 783.3964938209169, 308.9991486668587, 785.1387205578031, 308.65065068006516, 796.2885357084728], [481.458984375, 796.1309523809523, 481.458984375, 784.970238095238, 538.013671875, 784.970238095238, 538.013671875, 796.1309523809523], [604.2421875, 739.5833333333333, 634.0078125, 739.5833333333333, 634.0078125, 751.4880952380952, 604.2421875, 751.4880952380952], [573.732421875, 369.79166666666663, 636.984375, 369.79166666666663, 636.984375, 382.44047619047615, 573.732421875, 382.44047619047615], [381.744140625, 380.9523809523809, 381.744140625, 369.79166666666663, 417.462890625, 369.79166666666663, 417.462890625, 380.9523809523809], [350.490234375, 369.79166666666663, 385.46484375, 369.79166666666663, 385.46484375, 380.9523809523809, 350.490234375, 380.9523809523809], [420.2020947933197, 370.0155530657087, 448.52149629592896, 368.6671938214983, 449.1040370464325, 380.8985210600353, 420.78463554382324, 382.2468803042457], [575.8258624076843, 356.92196800595235, 576.0203454494476, 343.69609469459164, 634.116363286972, 344.5503598167782, 633.9218802452087, 357.7762331281389], [349.6951793432236, 345.27288164411266, 424.8177741765976, 344.4095339093889, 424.93813383579254, 354.8761095319475, 349.8155390024185, 355.73945726667125], [160.59532552957535, 355.58194205874486, 160.80665892362595, 344.38308080037433, 208.51295846700668, 345.2830768766857, 208.30162507295609, 356.4819381350562], [421.18359375, 355.65476190476187, 421.18359375, 343.74999999999994, 448.716796875, 343.74999999999994, 448.716796875, 355.65476190476187], [583.40625, 326.6369047619047, 583.40625, 315.4761904761904, 639.9609375, 315.4761904761904, 639.9609375, 326.6369047619047], [395.0273051261902, 326.7326809111095, 395.20044136047363, 316.17246355329235, 447.3494203090668, 317.0272736322312, 447.1762840747833, 327.5874909900483], [125.759765625, 326.6369047619047, 125.759765625, 315.4761904761904, 205.3828125, 315.4761904761904, 205.3828125, 326.6369047619047], [85.46911422908306, 315.55139450799845, 122.6540322303772, 314.6445410592215, 122.9787535071373, 327.95688084193637, 85.79384118318558, 328.8637342907133], [450.205078125, 327.38095238095235, 450.205078125, 313.9880952380952, 491.876953125, 313.9880952380952, 491.876953125, 327.38095238095235], [546.943359375, 265.62499999999994, 591.591796875, 265.62499999999994, 591.591796875, 277.52976190476187, 546.943359375, 277.52976190476187], [587.87109375, 264.88095238095235, 633.263671875, 264.88095238095235, 633.263671875, 276.7857142857143, 587.87109375, 276.7857142857143], [415.09325873851776, 276.6951152256557, 415.3076351881027, 264.049938746861, 468.21474373340607, 264.9465742565336, 468.0003672838211, 277.5917507353283], [355.69921875, 277.52976190476187, 355.69921875, 264.88095238095235, 413.7421875, 264.88095238095235, 413.7421875, 277.52976190476187], [372.0334324836731, 228.41562543596538, 450.9046175479889, 227.63483864920477, 450.98600792884827, 235.85537501743858, 372.11482286453247, 236.6361618041992], [597.2786318063736, 237.95184634980697, 597.7052954435349, 223.87297948201496, 634.2699240446091, 224.98087655930289, 633.8432604074478, 239.05974342709493], [167.431640625, 238.8392857142857, 167.431640625, 225.44642857142856, 217.2890625, 225.44642857142856, 217.2890625, 238.8392857142857], [197.94140625, 220.2380952380952, 197.94140625, 206.84523809523807, 235.1484375, 206.84523809523807, 235.1484375, 220.2380952380952], [149.282210201025, 218.55981009347096, 149.7886064350605, 205.90150923956006, 196.71346521377563, 207.7782494681222, 196.20704627037048, 220.43655032203307], [357.09663981199265, 198.6135301135835, 357.2572404742241, 188.17642756870814, 411.64674854278564, 189.01307242257252, 411.4861478805542, 199.45017496744788], [589.359375, 198.66071428571425, 589.359375, 186.75595238095235, 632.51953125, 186.75595238095235, 632.51953125, 198.66071428571425], [545.3674199581146, 187.57618041265576, 590.7269332408905, 186.66909989856535, 590.9800972938538, 199.32771864391506, 545.6205840110779, 200.23479915800547], [413.7421420812607, 200.1488095238095, 413.7421420812607, 187.49999999999997, 467.3202670812607, 187.49999999999997, 467.3202670812607, 200.1488095238095], [155.525390625, 200.1488095238095, 155.525390625, 186.75595238095235, 220.265625, 186.75595238095235, 220.265625, 200.1488095238095], [230.68359375, 144.34523809523807, 230.68359375, 137.64880952380952, 235.1484375, 137.64880952380952, 235.1484375, 144.34523809523807], [493.92851758003235, 