{"rec_texts": ["man", "estimated", "pletions", "hhours", "compl", "for", "preparing", "brooks", "cands", "impregnated", "charocal", "ljohn", "pdl", "prod", "assigned", "personnel", "other", "analytical", "vapor", "on", "of", "most", "doing", "is", "section", "phaser", "work", "the", "", "pist", "ziptls", "fsuls", "i", "smakng", "ion", "reducts", "phase", "project", "pipe", "a", "containing", "tobacco", "ive", "objectiv", "must", "activated", "vvapor", "show", "charcoal", "request", "tings", "sted", "market", "hby", "work", "project", "mann", "bleader", "project", "name", "tobacco", "smoking", "charcoal", "november", "project", "1a", "1968", "ode", "date", "engs", "cst", "project", "form", "initiation"], "rec_scores": [0.974878191947937, 0.9996863669819303, 0.9927452132105827, 0.6500630602240562, 0.9974414825439453, 0.9998867710431417, 0.9999772442711724, 0.9999570449193319, 0.6864608645439148, 0.9998421777378429, 0.9999614879488945, 0.6540665566921234, 0.8401825825373331, 0.5862295404076576, 0.9797907844185829, 0.9170350929101309, 0.9912217497825623, 0.9999487936496735, 0.9953076243400574, 0.9981324970722198, 0.9997299313545227, 0.8822213858366013, 0.9307855367660522, 0.992248147726059, 0.9999637859208244, 0.9313767751057943, 0.999963253736496, 0.9859943985939026, NaN, 0.422699898481369, 0.5346500823895136, 0.48656291961669923, 0.22354497015476227, 0.6152091026306152, 0.788317064444224, 0.9892124874251229, 0.9515433311462402, 0.9999946355819702, 0.9971715211868286, 0.9998830556869507, 0.9999457240104676, 0.9488065327916827, 0.8647661606470743, 0.9590029120445251, 0.9976821392774582, 0.9999861982133653, 0.6285914828379949, 0.9995594173669815, 0.9999613091349602, 0.9999803985868182, 0.9253851532936096, 0.9999666810035706, 0.9998093048731486, 0.5046862338980039, 0.9988821595907211, 0.9999908719744001, 0.9999876618385315, 0.8831964092595237, 0.9999765157699585, 0.9702525287866592, 0.9962474959237235, 0.9979502388409206, 0.9998594969511032, 0.9999705404043198, 0.999987142426627, 0.3921463266015053, 0.8296357691287994, 0.9813434481620789, 0.99996617436409, 0.6154019683599472, 0.9881559213002523, 0.9999818461281913, 0.5995945557951927, 0.9999985694885254], "det_polygons": [[132.45703125, 863.095238095238, 132.45703125, 848.9583333333333, 158.501953125, 848.9583333333333, 158.501953125, 863.095238095238], [60.04573076963425, 850.2035595121837, 128.27171713113785, 846.8758719308034, 128.94652605056763, 860.7076009114583, 60.720539689064026, 864.0352884928384], [264.0282835364342, 861.5328470865884, 264.29620867967606, 847.6013910202752, 311.2455595135689, 848.5042027064732, 310.977634370327, 862.4356587727864], [160.53360146284103, 847.6241883777436, 200.6735023856163, 846.6207413446334, 201.082066655159, 862.9609062558128, 160.94216573238373, 863.9643532889229], [235.1484375, 862.3511904761904, 235.1484375, 847.470238095238, 267.146484375, 847.470238095238, 267.146484375, 862.3511904761904], [206.126953125, 863.8392857142857, 206.126953125, 847.470238095238, 231.427734375, 847.470238095238, 231.427734375, 863.8392857142857], [218.69179755449295, 788.8382502964564, 218.86175447702408, 775.2428508940196, 286.54934710264206, 776.0888054257347, 286.37939018011093, 789.6842048281715], [167.37583234906197, 786.385763259161, 167.6195493042469, 773.7129756382533, 215.11250567436218, 774.6261415027436, 214.86878871917725, 787.2989291236513], [101.203125, 787.9464285714284, 101.203125, 773.8095238095237, 129.48046875, 773.8095238095237, 129.48046875, 787.9464285714284], [358.63220196962357, 774.5685577392577, 439.72842836380005, 773.7736474900017, 439.838250875473, 784.9697839646111, 358.7420017719269, 785.7646942138671], [293.82817697525024, 774.5875403994605, 351.1365430355072, 773.7570263090587, 351.287651181221, 784.1822306315104, 293.97928512096405, 785.0127447219121], [129.89317747950554, 773.8723754882811, 164.2111454308033, 772.6890927269344, 164.70693638920784, 787.0654151553199, 130.38896843791008, 788.2486979166665], [72.92578125, 773.0654761904761, 98.970703125, 773.0654761904761, 98.970703125, 787.9464285714284, 72.92578125, 787.9464285714284], [441.275390625, 787.2023809523808, 441.275390625, 770.8333333333333, 467.3203125, 770.8333333333333, 467.3203125, 787.2023809523808], [175.6171875, 745.5357142857142, 238.869140625, 745.5357142857142, 238.869140625, 761.9047619047618, 175.6171875, 761.9047619047618], [102.56657284498215, 747.0834368751161, 168.14619094133377, 746.2318511236281, 168.3201220035553, 759.6224376133509, 102.74050390720367, 760.474023364839], [58.04296875, 761.9047619047618, 58.04296875, 745.5357142857142, 100.458984375, 745.5357142857142, 100.458984375, 761.9047619047618], [255.13318240642548, 744.0819059099468, 329.5959337949753, 743.2546615600585, 329.7364593744278, 755.9019270397367, 255.273707985878, 756.7291713896251], [603.340080499649, 743.5251871744791, 641.3775479793549, 742.5975799560546, 641.6469719409943, 753.642854236421, 603.6095044612885, 754.5704614548455], [581.91796875, 744.0476190476189, 599.77734375, 744.0476190476189, 599.77734375, 753.720238095238, 581.91796875, 753.720238095238], [493.365234375, 755.9523809523808, 493.365234375, 743.3035714285713, 512.712890625, 743.3035714285713, 512.712890625, 755.9523809523808], [456.90234375, 755.9523809523808, 456.90234375, 742.5595238095237, 488.900390625, 742.5595238095237, 488.900390625, 755.9523809523808], [414.486328125, 758.1845238095237, 414.486328125, 741.8154761904761, 454.669921875, 741.8154761904761, 454.669921875, 758.1845238095237], [392.90625, 755.2083333333333, 392.90625, 744.0476190476189, 410.021484375, 744.0476190476189, 410.021484375, 755.2083333333333], [334.119140625, 755.2083333333333, 334.119140625, 744.0476190476189, 386.953125, 744.0476190476189, 386.953125, 755.2083333333333], [646.5095930099487, 742.7159263974144, 688.8595697879791, 741.6301908947172, 689.248717546463, 756.806419009254, 646.8987407684326, 757.8921545119512], [544.7109375, 753.720238095238, 544.7109375, 742.5595238095237, 577.453125, 742.5595238095237, 577.453125, 753.720238095238], [516.43359375, 755.2083333333333, 516.43359375, 741.0714285714284, 541.734375, 741.0714285714284, 541.734375, 755.2083333333333], [261.9375, 485.11904761904754, 261.9375, 474.7023809523809, 285.75, 474.7023809523809, 285.75, 485.11904761904754], [192.4907033443451, 469.6137110392252, 253.6203750371933, 468.5598555065336, 253.98127233982086, 489.48955535888666, 192.85160064697266, 490.5434108915783], [342.0524999499321, 466.72344207763666, 417.37604999542236, 465.6475157964797, 417.71460127830505, 489.3458684285481, 342.39107394218445, 490.4217947097051], [444.251953125, 489.58333333333326, 444.251953125, 462.797619047619, 551.408203125, 462.797619047619, 551.408203125, 489.58333333333326], [199.4296875, 453.12499999999994, 199.4296875, 449.40476190476187, 203.150390625, 449.40476190476187, 203.150390625, 453.12499999999994], [191.48999226093292, 460.5454490298316, 194.00137603282928, 432.0105143955775, 306.63140165805817, 441.92073458716976, 304.1200178861618, 470.4556692214239], [292.447265625, 401.7857142857142, 292.447265625, 389.88095238095235, 312.5390625, 389.88095238095235, 312.5390625, 401.7857142857142], [245.47282093763351, 389.94630177815753, 287.09419029951096, 389.0608378819056, 287.3786932826042, 402.4318059285481, 245.75732392072678, 403.3172698248], [200.0174059867859, 388.55797903878346, 240.1716592311859, 387.47287931896386, 240.55294954776764, 401.579357328869, 200.39869630336761, 402.6644570486886], [56.46749487519264, 357.95143672398154, 109.26109063625336, 357.0567539760044, 109.52566614747047, 372.66467866443446, 56.73207038640976, 373.5593614124116], [214.3125, 371.27976190476187, 214.3125, 357.1428571428571, 247.798828125, 357.1428571428571, 247.798828125, 371.27976190476187], [200.91796875, 359.37499999999994, 210.591796875, 359.37499999999994, 210.591796875, 368.3035714285714, 200.91796875, 368.3035714285714], [309.5625, 368.3035714285714, 309.5625, 357.1428571428571, 