{"rec_texts": ["ses", "torlans", "ce", "seo", "t", "rorn", "e", "chment", "atcacl", "to", "nucleuse", "to", "ketone", "che", "direct", "the", "due", "seclic", "of", "the", "toxicity", "was", "alcohol", "carbocyclic", "this", "class", "estimated", "in", "placed", "keto", "ii", "comens", "al", "eate", "cs", "co", "ce", "comecons", "cae", "so", "oh", "ss", "2", "sane", "conons", "schickedantza", "paul", "jack", "12480", "reid", "dave", "risk", "toxic", "of", "estimation", "tree", "decision"], "rec_scores": [0.20347326497236887, 0.26137930367674145, 0.2624473348259926, 0.3652065098285675, 0.10911435633897781, 0.28234606608748436, 0.398214191198349, 0.9525810480117798, 0.7807116558154424, 0.8921381533145905, 0.9536127597093582, 0.6980114579200745, 0.9998216032981873, 0.903998851776123, 0.9974705080191294, 0.9965938329696655, 0.999850869178772, 0.5696796824534734, 0.9929292798042297, 0.7752098043759664, 0.9999707192182541, 0.9989274144172668, 0.9894689917564392, 0.9835760972716592, 0.9999927878379822, 0.9998205304145813, 0.9999285803900825, 0.9999844431877136, 0.9999960660934448, 0.9626381099224091, 0.6050859689712524, 0.40700625131527585, 0.7898221015930176, 0.39485351368784904, 0.45753859728574753, 0.16653504967689514, 0.18178024142980576, 0.340880312025547, 0.14639929185311, 0.17056115716695786, 0.9360548257827759, 0.2068347930908203, 0.9171956181526184, 0.2026809435337782, 0.27564238881071407, 0.9499341272390806, 0.999837264418602, 0.9999908208847046, 0.9160565972328186, 0.9752839058637619, 0.6680527403950691, 0.9704759120941162, 0.9410039901733398, 0.9996635317802429, 0.9999961256980896, 0.9999176412820816, 0.9999983310699463], "det_polygons": [[122.29100410640238, 909.4338701356132, 122.29100410640238, 901.1319833431604, 165.31932441890237, 901.1319833431604, 165.31932441890237, 909.4338701356132], [75.48828124999999, 909.433962264151, 75.48828124999999, 901.1320754716982, 120.02636718749999, 901.1320754716982, 120.02636718749999, 909.433962264151], [166.71103593707082, 901.1749152417453, 200.69695764780042, 900.2807156544812, 200.92995584011075, 909.132609817217, 166.94403412938115, 910.0268094044812], [705.0605468749999, 908.679245283019, 705.0605468749999, 899.6226415094341, 721.6679687499999, 899.6226415094341, 721.6679687499999, 908.679245283019], [689.2080078124999, 899.6226415094341, 708.0800781249999, 899.6226415094341, 708.0800781249999, 907.9245283018869, 689.2080078124999, 907.9245283018869], [665.6360271573066, 900.4710532134435, 691.3221312165259, 899.4834352889152, 691.6399523615836, 907.7440484964624, 665.9538483023642, 908.7316664209907], [676.274097084999, 882.8965212264152, 677.2806382179259, 801.3808225235849, 696.7927739620208, 801.6216465212265, 695.7862328290938, 883.1373452240566], [281.57128906249994, 393.96226415094344, 317.80566406249994, 393.96226415094344, 317.80566406249994, 404.52830188679246, 281.57128906249994, 404.52830188679246], [242.31738281249997, 405.28301886792457, 242.31738281249997, 393.96226415094344, 283.08105468749994, 393.96226415094344, 283.08105468749994, 405.28301886792457], [135.87890624999997, 406.7924528301887, 135.87890624999997, 393.96226415094344, 155.50585937499997, 393.96226415094344, 155.50585937499997, 406.7924528301887], [535.862760901451, 403.71978183962267, 536.0101989507674, 393.1033497936321, 597.217262148857, 393.95323555424534, 597.0698240995406, 404.5696676002359], [428.77343749999994, 405.28301886792457, 428.77343749999994, 393.20754716981133, 449.15527343749994, 393.20754716981133, 449.15527343749994, 405.28301886792457], [376.5688033699989, 404.44681419516513, 376.7536538243293, 393.9105339770047, 425.81919366121286, 394.77110664799534, 425.6343432068824, 405.3073868661557], [347.24609374999994, 406.0377358490566, 347.24609374999994, 392.4528301886793, 374.42187499999994, 392.4528301886793, 374.42187499999994, 406.0377358490566], [190.85075674951074, 404.4652399027123, 191.07771919667718, 393.1188734522406, 237.16750997304914, 394.0404352152123, 236.9405475258827, 405.386801665684], [159.28027343749997, 406.0377358490566, 159.28027343749997, 393.20754716981133, 185.70117187499997, 393.20754716981133, 185.70117187499997, 406.0377358490566], [107.19335937499999, 406.0377358490566, 107.19335937499999, 393.20754716981133, 132.85937499999997, 393.20754716981133, 132.85937499999997, 406.0377358490566], [481.4393684267997, 392.5450508549529, 531.3312985301017, 391.5670142983491, 531.5988064408301, 405.20590728183964, 481.7068763375282, 406.18394383844344], [324.59960937499994, 406.0377358490566, 324.59960937499994, 392.4528301886793, 343.47167968749994, 392.4528301886793, 343.47167968749994, 406.0377358490566], [452.17480468749994, 405.28301886792457, 452.17480468749994, 390.94339622641513, 479.35058593749994, 390.94339622641513, 479.35058593749994, 405.28301886792457], [515.5849609374999, 389.433962264151, 515.5849609374999, 378.8679245283019, 575.9755859374999, 378.8679245283019, 575.9755859374999, 389.433962264151], [332.14843749999994, 390.188679245283, 332.14843749999994, 378.8679245283019, 358.56933593749994, 378.8679245283019, 358.56933593749994, 390.188679245283], [272.51269531249994, 389.433962264151, 272.51269531249994, 378.8679245283019, 326.10937499999994, 378.8679245283019, 326.10937499999994, 389.433962264151], [144.93749999999997, 390.188679245283, 144.93749999999997, 379.622641509434, 228.72949218749997, 379.622641509434, 228.72949218749997, 390.188679245283], [106.43847656249999, 391.6981132075472, 106.43847656249999, 378.11320754716985, 140.40820312499997, 378.11320754716985, 140.40820312499997, 391.6981132075472], [582.498060941696, 377.6948979215802, 621.7707655429839, 375.8251953125, 622.4095408916472, 389.23593197228774, 583.1368362903594, 391.10563458136795], [438.58686798810953, 390.188679245283, 438.58686798810953, 377.35849056603774, 508.03608673810953, 377.35849056603774, 508.03608673810953, 390.188679245283], [416.69531249999994, 378.8679245283019, 433.30273437499994, 378.8679245283019, 433.30273437499994, 389.433962264151, 416.69531249999994, 389.433962264151], [362.34374999999994, 391.6981132075472, 362.34374999999994, 378.8679245283019, 409.90136718749994, 378.8679245283019, 409.90136718749994, 391.6981132075472], [233.25878906249997, 390.94339622641513, 233.25878906249997, 377.35849056603774, 267.98339843749994, 377.35849056603774, 267.98339843749994, 390.94339622641513], [626.5527343749999, 389.433962264151, 626.5527343749999, 375.8490566037736, 644.6699218749999, 375.8490566037736, 644.6699218749999, 389.433962264151], [75.39807911217211, 359.8903209758255, 75.58004991710185, 350.97605579304246, 123.13326700031756, 351.9463074882076, 122.95129619538783, 360.86057267099056], [459.72363281249994, 347.9245283018868, 459.72363281249994, 335.09433962264154, 486.14453124999994, 335.09433962264154, 486.14453124999994, 347.9245283018868], [76.24316406249999, 333.5849056603774, 76.24316406249999, 325.28301886792457, 121.53613281249999, 325.28301886792457, 121.53613281249999, 333.5849056603774], [158.52539062499997, 332.8301886792453, 158.52539062499997, 324.52830188679246, 185.70117187499997, 324.52830188679246, 185.70117187499997, 332.8301886792453], [122.29101562499999, 332.8301886792453, 122.29101562499999, 324.52830188679246, 158.52539062499997, 324.52830188679246, 158.52539062499997, 332.8301886792453], [519.3593749999999, 332.8301886792453, 519.3593749999999, 323.7735849056604, 554.0839843749999, 323.7735849056604, 554.0839843749999, 332.8301886792453], [446.13569611310953, 332.07547169811323, 446.13569611310953, 324.52830188679246, 492.93843048810953, 324.52830188679246, 492.93843048810953, 332.07547169811323], [400.00776726007456, 324.37589825324295, 443.78811377286905, 323.4826199513561, 443.96218281984324, 332.0119721034788, 400.18183630704874, 332.90525040536556], [494.44824218749994, 332.8301886792453, 494.44824218749994, 323.0188679245283, 517.8496093749999, 323.0188679245283, 517.8496093749999, 332.8301886792453], [191.74023437499997, 