{"rec_texts": ["smaililes", "sto22onls", "s", "s", "rnotes", "sor", "ds", "thist", "notes", "10", "s", "8", "sneak", "preview", "home", "delivery", "mailile", "cells", "i", "ms", "suppression", "san", "seeds", "rcodest", "na", "icartons", "fordert", "rforms", "el", "bro", "ccodesy", "program", "700418", "t", "11797", "maildated", "quantitys", "273", "ccomplatoflying", "cphyln", "names", "datasetl", "description", "mailfilel", "mailfilel", "responders", "aindy", "torders", "mail", "zo84", "ids", "system", "corpimultibrand", "program", "grops", "1o2eclipse", "snist", "dater", "huet", "froma", "drewl", "suzilant", "ire", "ur", "toy", "tnumbers", "alertl", "t9to2zos", "rjri", "updates", "table", "mailfiles", "esheets"], "rec_scores": [0.7544819911321005, 0.7892153925365872, 0.5039829015731812, 0.5826649069786072, 0.8898133039474487, 0.737772007783254, 0.29323937371373177, 0.8723689556121826, 0.9998922705650329, 0.9997072517871857, 0.9287552237510681, 0.500400185585022, 0.9808512210845948, 0.797432405608041, 0.9827204644680023, 0.9724338948726654, 0.9970528313091823, 0.8631540060043335, 0.15492357313632965, 0.42898425087332726, 0.9999591924927451, 0.24612252910931906, 0.9999285817146302, 0.7639906065804618, 0.7191193103790283, 0.7819343470036983, 0.793351582118443, 0.8911855618158976, 0.6464791297912598, 0.8222363293170929, 0.8197874086243766, 0.9999469944408962, 0.7930712401866913, 0.1415225863456726, 0.6205449610948562, 0.944786548614502, 0.967562735080719, 0.7635354598363241, 0.6370330631732941, 0.3977554763356845, 0.8577127099037171, 0.989194855093956, 0.9999962828376077, 0.987989968723721, 0.9519964589012994, 0.9984343588352204, 0.7719431519508362, 0.883429446390697, 0.6599097102880478, 0.6010669767856598, 0.6913388868172964, 0.9997668862342834, 0.9397906442483266, 0.999610790184566, 0.5745712220668793, 0.9135572433471679, 0.4864220082759857, 0.9466548919677734, 0.49640363454818726, 0.8761781811714172, 0.9914134979248047, 0.8891987577080727, 0.6431751449902853, 0.2623787820339203, 0.6172751560807228, 0.9088697843253613, 0.9434409737586975, 0.7989658191800117, 0.740125585347414, 0.9408082451139178, 0.9997290372848511, 0.8040506078137292, 0.9953854935509818], "det_polygons": [[110.44921875, 952.8718703976435, 110.44921875, 941.8262150220912, 145.056640625, 941.8262150220912, 145.056640625, 952.8718703976435], [60.37890625, 954.3446244477171, 60.37890625, 941.0898379970544, 113.39453125, 941.0898379970544, 113.39453125, 954.3446244477171], [681.103515625, 874.079528718704, 681.103515625, 842.4153166421207, 689.939453125, 842.4153166421207, 689.939453125, 874.079528718704], [682.576171875, 830.633194351758, 682.576171875, 784.9778187994752, 690.67578125, 784.9778187994752, 690.67578125, 830.633194351758], [144.3203125, 761.4138438880706, 144.3203125, 749.6318114874815, 175.982421875, 749.6318114874815, 175.982421875, 761.4138438880706], [126.6484375, 762.1502209131074, 126.6484375, 748.8954344624447, 144.3203125, 748.8954344624447, 144.3203125, 762.1502209131074], [112.36368760466576, 758.3210963388254, 117.66525909304619, 747.7172941452272, 127.6793260872364, 752.7247388162739, 122.37775459885597, 763.3284960649852], [86.88671875, 748.1590574374079, 115.603515625, 748.1590574374079, 115.603515625, 762.1502209131074, 86.88671875, 762.1502209131074], [76.26581248641014, 726.9182387788798, 111.03419378399849, 725.9247770014497, 111.44079440832138, 740.1567551805274, 76.67241311073303, 741.1502169579574], [156.837890625, 705.4491899852724, 156.837890625, 692.1944035346097, 169.35546875, 692.1944035346097, 169.35546875, 705.4491899852724], [161.9921875, 673.7849779086891, 166.41015625, 673.7849779086891, 166.41015625, 690.721649484536, 161.9921875, 690.721649484536], [161.9921875, 671.5758468335787, 161.9921875, 655.3755522827687, 167.8828125, 655.3755522827687, 167.8828125, 671.5758468335787], [240.04296875, 556.701030927835, 273.9140625, 556.701030927835, 273.9140625, 567.7466863033873, 240.04296875, 567.7466863033873], [275.99428832530975, 557.4977239909333, 319.493106007576, 556.6447599295839, 319.6948951482773, 566.9356108765187, 276.19607746601105, 567.7885749378681], [239.306640625, 551.5463917525773, 239.306640625, 538.2916053019145, 273.177734375, 538.2916053019145, 273.177734375, 551.5463917525773], [273.9140625, 552.2827687776141, 273.9140625, 538.2916053019145, 318.830078125, 538.2916053019145, 318.830078125, 552.2827687776141], [99.404296875, 534.6097201767304, 99.404296875, 520.6185567010309, 141.375, 520.6185567010309, 141.375, 534.6097201767304], [144.3203125, 533.8733431516936, 144.3203125, 519.882179675994, 173.7734375, 519.882179675994, 173.7734375, 533.8733431516936], [198.072265625, 502.2091310751104, 198.072265625, 492.63622974963175, 212.0625, 492.63622974963175, 212.0625, 502.2091310751104], [172.3979119360447, 489.8007017874401, 199.4102759361267, 487.6395718514129, 200.60901129245758, 502.6246465534103, 173.59663605690002, 504.7857764894375], [103.02437832951546, 501.42758443885765, 103.18446138501167, 488.13926910265553, 173.8705681860447, 488.99097470717504, 173.71048513054848, 502.27929004337716], [174.88801914453506, 476.6379175200202, 224.20915013551712, 474.17170169251654, 224.7232854962349, 484.4552715677927, 175.40215450525284, 486.92148739529637], [138.4296875, 483.79970544918996, 138.4296875, 469.8085419734904, 173.7734375, 469.8085419734904, 173.7734375, 483.79970544918996], [136.220703125, 432.9896907216494, 136.220703125, 419.7349042709867, 173.7734375, 419.7349042709867, 173.7734375, 432.9896907216494], [174.509765625, 433.7260677466863, 174.509765625, 418.2621502209131, 196.599609375, 418.2621502209131, 196.599609375, 433.7260677466863], [197.2719851732254, 380.6400439525037, 197.49948108196259, 370.4012841293492, 237.24156022071838, 371.2844960995029, 237.0140643119812, 381.52325592265737], [238.3096045255661, 370.67634683645525, 269.2991133928299, 369.6432886137702, 269.68813049793243, 381.3141723093473, 238.69862163066864, 382.34723053203237], [270.232421875, 382.17967599410895, 270.232421875, 368.9248895434462, 298.212890625, 368.9248895434462, 298.212890625, 382.17967599410895], [175.24609375, 382.17967599410895, 175.24609375, 369.66126656848303, 197.3359375, 369.66126656848303, 197.3359375, 382.17967599410895], [108.240234375, 382.91605301914575, 108.240234375, 368.9248895434462, 136.95703125, 368.9248895434462, 136.95703125, 382.91605301914575], [135.9715227484703, 382.8126348346603, 136.3817299604416, 367.2238379409632, 174.76047402620316, 368.23386190917245, 174.35026681423187, 383.8226812753129], [110.29006823897362, 348.9595168820186, 110.5319455564022, 335.6555607252163, 159.24737206101418, 336.54133455391656, 159.0054947435856, 349.84529071071887], [175.67572709918022, 336.649404534184, 218.4045214653015, 335.0058599143386, 218.82868313789368, 346.035200295989, 176.09990000724792, 347.6787449158344], [155.80706945061684, 339.61713788084495, 168.76644894480705, 333.1370290494983, 175.24612745642662, 346.09724671219163, 162.2867479622364, 352.57735554353826], [175.982421875, 331.36966126656847, 175.982421875, 318.1148748159057, 218.689453125, 318.1148748159057, 218.689453125, 331.36966126656847], [119.12965726852417, 318.2019330616025, 173.6877782344818, 317.3074848697533, 173.9390259385109, 332.6345002703884, 119.38090497255325, 333.5289484622376], [119.87920954823494, 315.1552090764221, 120.09369477629662, 301.856376636713, 173.1430262029171, 302.7120823361561, 172.92854097485542, 316.0109147758652], [211.326171875, 301.1782032400589, 234.888671875, 301.1782032400589, 234.888671875, 313.6966126656848, 211.326171875, 313.6966126656848], [431.48828125, 297.4963181148748, 431.48828125, 287.1870397643593, 489.658203125, 287.1870397643593, 489.658203125, 297.4963181148748], [178.87574782967567, 272.50230926828283, 235.58248496055603, 271.6921776840367, 235.68796360492706, 279.0754989601551, 178.98121523857117, 279.88563054440124], [340.919921875, 279.82326951399114, 340.919921875, 268.041237113402, 