{"rec_texts": ["faxi", "subj", "bjects", "received", "f", "8161457473", "faxe", "management", "companys", "torp", "philipl", "morris", "j", "attentions", "baker", "clol", "mike", "amulderigo", "johnl", "dater", "e", "11712196", "100175592", "yorks", "new", "nny", "avenue", "park", "120", "department", "legal", "transmission", "facsimile", "mornis", "phlig", "capacity", "remaining", "a99", "scall", "memory", "shb", "deg", "es", "tx", "option", "file", "page", "no", "tel", "type", "file", "see", "cautos", "fenssessostesioted", "senseeeeseeresiossstiees", "oshaspms", "196", "refort", "storage", "memory", "12", "knov"], "rec_scores": [0.9059122800827026, 0.9993285685777664, 0.8647673353552818, 0.9556843787431717, 0.37208759784698486, 0.7553079396486282, 0.8678634688258171, 0.9999956488609314, 0.954390861093998, 0.5533786118030548, 0.9484637124197823, 0.9305380880832672, 0.9980809688568115, 0.9962408304214477, 0.999907648563385, 0.7558633685112, 0.9254374802112579, 0.9693086445331573, 0.9067148447036744, 0.9675992369651795, 0.4324762523174286, 0.840980552136898, 0.9925376574198405, 0.8597852528095246, 0.9999770323435465, 0.6607968906561533, 0.9999934037526449, 0.9999639391899109, 0.9690555334091187, 0.9999825119972229, 0.9999908208847046, 0.9999994337558746, 0.9999915626313951, 0.3695247421662013, 0.4954920053482056, 0.9403461143374443, 0.999996648894416, 0.47131576140721637, 0.7118769407272338, 0.9999184509118398, 0.9491132895151774, 0.8512390653292338, 0.9164822995662689, 0.6648766696453094, 0.9784208734830221, 0.9901185035705566, 0.9475851356983185, 0.9344063401222229, 0.9997963507970175, 0.9266827255487442, 0.9985764920711517, 0.21506586422522864, 0.9608729481697083, 0.26758601599269444, 0.20394257549196482, 0.6420463435351849, 0.7030348579088846, 0.7934733132521311, 0.9998957003865924, 0.9989081025123596, 0.7173285782337189, 0.6525565199553967], "det_polygons": [[290.11328125, 943.2989690721648, 290.11328125, 926.3622974963181, 321.775390625, 926.3622974963181, 321.775390625, 943.2989690721648], [190.708984375, 927.0986745213548, 225.31640625, 927.0986745213548, 225.31640625, 941.8262150220912, 190.708984375, 941.8262150220912], [222.7208765745163, 926.5470209809922, 256.0640377998352, 925.435444041099, 256.63039565086365, 942.4269483788199, 223.28723442554474, 943.5385253187131], [321.0390625, 941.0898379970544, 321.0390625, 925.6259204712812, 383.626953125, 925.6259204712812, 383.626953125, 941.0898379970544], [240.85291171073914, 911.4137180423876, 242.9146214723587, 905.2282229438972, 250.6460667848587, 907.805542531526, 248.58435702323914, 913.9910376300165], [293.70854353904724, 900.663620242314, 386.54516565799713, 899.8195552685474, 386.68524956703186, 915.2286400324465, 293.84862744808197, 916.0727050062131], [202.490234375, 917.5257731958762, 202.490234375, 898.3799705449189, 237.833984375, 898.3799705449189, 237.833984375, 917.5257731958762], [387.30859375, 890.2798232695139, 387.30859375, 877.0250368188512, 471.986328125, 877.0250368188512, 471.986328125, 890.2798232695139], [177.85872381925583, 893.1896451295563, 178.92402666807175, 874.4391777027337, 255.86456316709518, 878.8110567297956, 254.79926031827927, 897.5615241566181], [476.08300721645355, 893.7483999620305, 476.634264588356, 873.9019964159148, 517.2850240468979, 875.0311917514266, 516.7337666749954, 894.8775952975423], [291.5859375, 893.961708394698, 291.5859375, 874.079528718704, 335.765625, 874.079528718704, 335.765625, 893.961708394698], [336.2514919042587, 874.0445615967875, 384.24216282367706, 873.1875524956276, 384.53347623348236, 889.5009283815813, 336.542805314064, 890.3579374827411], [331.34765625, 855.670192982557, 334.6611328125, 852.3564963698913, 339.447265625, 857.1429470326307, 336.1337890625, 860.4566436452964], [175.1450418829918, 849.8506391522459, 254.72998237609863, 849.0038774852724, 254.8942225575447, 864.4426258744477, 175.30928206443787, 865.2893875414211], [471.25, 863.7702503681884, 471.25, 847.5699558173784, 513.95703125, 847.5699558173784, 513.95703125, 863.7702503681884], [407.92578125, 863.7702503681884, 407.92578125, 848.3063328424153, 430.015625, 848.3063328424153, 430.015625, 863.7702503681884], [431.20811343193054, 847.6904081139543, 469.5852620601654, 846.7062948729749, 470.0003454685211, 862.8959824305043, 431.62319684028625, 863.8800956714837], [343.54407954216003, 862.763035455403, 344.5901472568512, 844.4555448327043, 407.7082624435425, 848.062461886736, 406.6621947288513, 866.3699525094347], [292.1138924956322, 847.0134482292433, 327.51062899827957, 846.0818306160253, 327.9743395447731, 863.7040016050718, 292.5776030421257, 864.6356192182897], [211.7660632133484, 841.9182261943114, 212.17206835746765, 822.4279659310566, 257.9732596874237, 823.3822357672127, 257.56725454330444, 842.8724960304676], [658.9360122680664, 819.8931642063236, 683.4734818935394, 819.1713493246041, 686.3125517368317, 915.7048760527889, 661.7750821113586, 916.4266909345084], [293.05859375, 839.4698085419734, 293.05859375, 821.7967599410898, 354.91015625, 821.7967599410898, 354.91015625, 839.4698085419734], [382.154296875, 805.5964653902797, 382.154296875, 793.0780559646538, 466.095703125, 793.0780559646538, 466.095703125, 805.5964653902797], [288.3775126338005, 809.020366865335, 288.8450432419777, 789.8501141959682, 335.27793794870377, 790.9827253428755, 334.8104073405266, 810.1529780122422], [244.4609375, 810.0147275405006, 244.4609375, 790.1325478645066, 283.486328125, 790.1325478645066, 283.486328125, 810.0147275405006], [336.7086184620857, 791.0876267086247, 368.0129004120827, 789.8834633019605, 368.72311729192734, 808.3505981625092, 337.4188353419304, 809.5547615691734], [368.1640625, 789.3961708394697, 368.1640625, 775.4050073637702, 423.388671875, 775.4050073637702, 423.388671875, 789.3961708394697], [323.05111145973206, 789.7121333935474, 323.42170238494873, 775.2583971430872, 362.5912666320801, 776.262825472892, 362.2206757068634, 790.7165617233522], [290.849609375, 774.6686303387334, 318.830078125, 774.6686303387334, 318.830078125, 790.1325478645066, 290.849609375, 790.1325478645066], [337.8463676571846, 772.1493795448268, 338.09651428461075, 758.3903114644697, 427.1628029346466, 760.0097656249999, 426.91265630722046, 773.7688337053571], [287.904296875, 773.9322533136965, 287.904296875, 757.7319587628865, 331.34765625, 757.7319587628865, 331.34765625, 773.9322533136965], [343.7814177274704, 737.0782102155052, 343.8899973630905, 720.9033544706139, 469.109552025795, 721.7438238534379, 469.00097239017487, 737.9186795983293], [244.3127191066742, 721.0113120886643, 333.3233472108841, 719.362823531273, 333.6232445240021, 735.557544916122, 244.61261641979218, 737.2060334735133], [359.69896310567856, 667.7295982574327, 360.2138175368309, 659.6623506391522, 399.45531129837036, 662.167308959062, 398.940456867218, 670.2345565773426], [322.2468087077141, 661.8573240749263, 356.058848798275, 658.9589182161266, 356.7891996502876, 667.4803788602263, 322.9771595597267, 670.378784719026], [552.1932870149612, 506.67080998596276, 608.899990439415, 505.84894778626654, 609.0495570898056, 516.1667656652705, 552.3428536653519, 516.9886278649668], [454.314453125, 516.9366715758468, 454.314453125, 505.89101620029453, 515.4296875, 505.89101620029453, 515.4296875, 516.9366715758468], [612.625, 517.6730486008836, 612.625, 504.41826215022087, 637.66015625, 504.41826215022087, 637.66015625, 517.6730486008836], [517.638671875, 518.4094256259204, 517.638671875, 503.68188512518407, 550.037109375, 503.68188512518407, 550.037109375, 518.4094256259204], [111.92186376452446, 159.79381443298968, 111.92186376452446, 147.27540500736376, 156.10155126452446, 147.27540500736376, 156.10155126452446, 159.79381443298968], [389.517578125, 159.05743740795285, 389.517578125, 147.27540500736376, 413.080078125, 147.27540500736376, 413.080078125, 159.05743740795285], [72.16015625, 159.05743740795285, 72.16015625, 147.27540500736376, 96.458984375, 147.27540500736376, 96.458984375, 159.05743740795285], 