{"rec_texts": ["ite", "twbs", "bew", "frots", "produced", "a66o24372", "46602432", "jan", "acctg", "budget", "1987", "cumulative", "released", "of", "out", "paid", "vi", "988", "carryover", "authorized", "costs", "1241600", "k1o15e7", "suppliers", "market", "facts", "c", "personnel", "mrs", "pugh", "description", "kidp", "utilizing", "sanalysist", "black", "switching", "data", "study", "1100", "0395579", "kool", "project", "no", "1987144k"], "rec_scores": [0.7667571306228638, 0.6136922612786293, 0.7852558493614197, 0.32677200734615325, 0.9998792186379433, 0.8460136122173734, 0.8988157398998737, 0.9999610582987467, 0.9842384457588196, 0.9999155799547831, 0.8272869288921356, 0.9999938488006592, 0.9999907910823822, 0.9997628331184387, 0.9999945958455404, 0.999990850687027, 0.33515453338623047, 0.7319107254346212, 0.9994453191757202, 0.9998422384262085, 0.5010579347610473, 0.8171828218868801, 0.5368744688374656, 0.9905825323528714, 0.9999983509381613, 0.9923765301704407, 0.6344443559646606, 0.9992499285274081, 0.6691169043382009, 0.9869020879268646, 0.9999377023090016, 0.8100419789552689, 0.997588124540117, 0.744735823571682, 0.9999394536018371, 0.9999606741799248, 0.9987571835517883, 0.9999812364578247, 0.9953164458274841, 0.7413574457168579, 0.9995636641979218, 0.9999936648777553, 0.9996415972709656, 0.9591851085424423], "det_polygons": [[193.24999999999997, 967.5471698113208, 193.24999999999997, 953.2075471698114, 224.95507812499997, 953.2075471698114, 224.95507812499997, 967.5471698113208], [160.03515624999997, 967.5471698113208, 160.03515624999997, 953.2075471698114, 193.24999999999997, 953.2075471698114, 193.24999999999997, 967.5471698113208], [126.82031249999999, 953.2075471698114, 160.03515624999997, 953.2075471698114, 160.03515624999997, 967.5471698113208, 126.82031249999999, 967.5471698113208], [84.54687499999999, 966.7924528301887, 84.54687499999999, 953.2075471698114, 126.06542968749999, 953.2075471698114, 126.06542968749999, 966.7924528301887], [10.43577527720481, 953.3462927476415, 84.32609228044747, 951.6861364976415, 84.64747267216443, 965.9846698113208, 10.757154949009417, 967.6448260613208], [680.8354156613349, 967.4965912441038, 681.0451462864875, 951.5609338148586, 746.6689005494117, 952.4241782134435, 746.4591699242591, 968.3598356426887], [554.3487738966941, 891.0685067806604, 669.7645689845084, 884.9953935731132, 670.7571956515311, 903.8507886202831, 555.3414005637168, 909.9239018278303], [196.26953124999997, 571.3207547169811, 225.70996093749997, 571.3207547169811, 225.70996093749997, 584.9056603773586, 196.26953124999997, 584.9056603773586], [106.43847656249999, 545.6603773584906, 106.43847656249999, 534.3396226415094, 149.46679687499997, 534.3396226415094, 149.46679687499997, 545.6603773584906], [335.80904781818384, 542.5628316627359, 336.0009015798568, 531.2453014445755, 388.1751726865768, 532.1294590212265, 387.9833189249038, 543.4469892393869], [295.91406249999994, 542.6415094339623, 295.91406249999994, 531.3207547169811, 331.39355468749994, 531.3207547169811, 331.39355468749994, 542.6415094339623], [551.5766160488128, 530.0223872346698, 637.714255452156, 527.4388266509434, 638.120815873146, 540.9889077240566, 551.9831764698027, 543.5724683077831], [80.67201300710438, 520.0656415831369, 149.41135786473748, 519.2275482753538, 149.5490857362747, 530.5190061173349, 80.80974663794039, 531.357099425118], [370.64746093749994, 526.7924528301887, 370.64746093749994, 518.4905660377359, 386.49999999999994, 518.4905660377359, 386.49999999999994, 526.7924528301887], [335.92285156249994, 528.3018867924528, 335.92285156249994, 516.9811320754717, 362.34374999999994, 516.9811320754717, 362.34374999999994, 528.3018867924528], [294.40429687499994, 528.3018867924528, 294.40429687499994, 516.2264150943397, 329.12890624999994, 516.2264150943397, 329.12890624999994, 528.3018867924528], [553.3291015624999, 283.0188679245283, 558.6132812499999, 283.0188679245283, 558.6132812499999, 286.7924528301887, 553.3291015624999, 286.7924528301887], [585.4686151146888, 280.1779923349057, 612.1017321944236, 279.020305129717, 612.61877900362, 290.90921653891513, 585.9856619238852, 292.0669037441038], [467.20933902263636, 280.7950692806604, 545.7482056617736, 279.96853810436323, 545.8594292402266, 290.53342423349056, 467.3205626010894, 291.35995540978774], [58.88085937499999, 280.0, 58.88085937499999, 267.9245283018868, 143.42773437499997, 267.9245283018868, 143.42773437499997, 280.0], [146.28600525856015, 279.6563835863797, 146.65897744894025, 264.74118790536556, 192.71579048037526, 265.892333984375, 192.34281828999517, 280.80752966538915], [204.1808957159519, 263.5970435952241, 257.934504777193, 261.4035091760024, 258.6087113320827, 277.9181484006486, 204.85510227084157, 280.1116828198703], [291.1516752839088, 261.5334564784788, 370.5023266077041, 258.9464871388561, 370.9623333215713, 273.04961582399767, 291.611681997776, 275.6365851636203], [58.82930789142846, 225.7043226709906, 132.78071449697015, 224.85448297464623, 132.93468359112737, 238.24679392688682, 58.98327122628688, 239.09663362323116], [204.57324218749997, 233.9622641509434, 204.57324218749997, 222.64150943396228, 255.90527343749997, 222.64150943396228, 255.90527343749997, 233.9622641509434], [261.84833994507784, 233.94413786114387, 262.1236344277858, 221.0074025280071, 307.3800661861896, 221.97009968307785, 307.1047717034816, 234.90683501621464], [206.83789062499997, 184.90566037735852, 223.44531249999997, 184.90566037735852, 223.44531249999997, 190.18867924528303, 206.83789062499997, 190.18867924528303], [80.01757812499999, 193.20754716981133, 80.01757812499999, 182.64150943396228, 162.29980468749997, 182.64150943396228, 162.29980468749997, 193.20754716981133], [55.57446897029876, 183.6528159087559, 77.87370218336581, 180.46790932709317, 79.64012520015238, 192.8301771631781, 57.340891987085335, 196.0150722287736], [244.58203124999997, 193.9622641509434, 244.58203124999997, 179.62264150943398, 281.57128906249994, 179.62264150943398, 281.57128906249994, 193.9622641509434], [56.61621093749999, 124.52830188679246, 56.61621093749999, 113.9622641509434, 152.48632812499997, 113.9622641509434, 152.48632812499997, 124.52830188679246], [201.21259918808934, 110.32781636939859, 239.1845776736736, 109.24314103036558, 239.62606248259542, 124.69143849498822, 201.65408399701116, 125.77611383402123], [318.50590264797205, 109.47383088885614, 397.79932957887644, 108.64803674086086, 397.9169574975967, 119.93613189121463, 318.6235305666923, 120.76192603920991], [241.83348652720449, 108.57397691258845, 315.8935538232326, 104.96207759065449, 316.6874155700206, 121.23262225456959, 242.6273482739925, 124.84452157650355], [402.35253906249994, 121.50943396226415, 402.35253906249994, 107.16981132075472, 447.64550781249994, 107.16981132075472, 447.64550781249994, 121.50943396226415], [454.3672545552253, 108.0729819243809, 529.8794023394584, 107.25237000663326, 529.992929637432, 117.69412634507665, 454.48078185319895, 118.5147382628243], [585.0341796874999, 104.9056603773585, 625.0429687499999, 104.9056603773585, 625.0429687499999, 118.49056603773586, 585.0341796874999, 118.49056603773586], [535.0502851009368, 107.23217082473468, 579.689642548561, 106.35708790905072, 579.9107074737548, 117.62910662956958, 535.2713500261306, 118.50418954525355], [134.26451720297334, 58.209188209389744, 187.88347385823724, 57.37157857642984, 188.05980055034158, 68.65420359485555, 134.44084389507768, 69.49181322781546], [59.63574218749999, 69.43396226415095, 59.63574218749999, 58.113207547169814, 128.33007812499997, 58.113207547169814, 128.33007812499997, 69.43396226415095], [57.03327631950378, 43.39413912791127, 96.97116841375826, 41.29260656968603, 97.76150546967982, 56.30563412072524, 57.82361337542533, 58.407166678950475], [435.4343660473823, 40.01305922022406, 495.8785294890403, 39.12436431308963, 496.0793216824531, 52.77290776090802, 435.6351582407951, 53.661602668042455], [501.24218749999994, 39.24528301886793, 520.1142578124999, 