{"rec_texts": ["from", "produced", "site", "web", "baw", "176103236", "revisions", "date", "ecompletes", "revisions", "approved", "signature", "department", "date", "vapprovals", "baw", "s", "1olazy", "solrows", "arodluchon", "lohal", "lx", "signature", "depariment", "date", "approvals", "ott", "tan", "warning", "al", "exhibt", "statement", "te", "3", "isize", "trims", "approval", "wx2", "sme", "ih", "so", "a", "inchesifeet", "198875", "linches", "10n2198", "date", "description", "passport", "twinterf", "rprograms", "lad", "lmr", "brand", "kooli", "natural", "no", "job", "tbab", "bew", "tobacco", "corporation", "brown", "williamson", "wgs", "kowe"], "rec_scores": [0.9998296350240707, 0.9999880194664001, 0.9999652206897736, 0.9988187154134115, 0.9948426087697347, 0.9899235235320197, 0.999990979830424, 0.9889255315065384, 0.8690455228090286, 0.9999981853697035, 0.9388405680656433, 0.9999496870570712, 0.9998688936233521, 0.999964714050293, 0.9700299382209778, 0.9998878439267477, 0.3546699583530426, 0.5801352436343828, 0.6431387066841125, 0.7495275914669037, 0.6207419455051422, 0.7326478213071823, 0.9998442530632019, 0.980862820148468, 0.9997952580451965, 0.9985444744427999, 0.9568805694580078, 0.9985147515932719, 0.999903006213052, 0.8804753124713898, 0.9998101691404978, 0.999970813592275, 0.263897605240345, 0.9913367033004761, 0.872188824415207, 0.9426397085189819, 0.9264848381280899, 0.8808475732803345, 0.27836374441782635, 0.5625469982624054, 0.8815183639526367, 0.9229966402053833, 0.9735148061405529, 0.6018218994140625, 0.9348988618169513, 0.8247272287096296, 0.9979779571294785, 0.9999969547445123, 0.9999002665281296, 0.8611687645316124, 0.8754879103766547, 0.7452198565006256, 0.6515051225821177, 0.9999786138534545, 0.9852452158927918, 0.9938480343137469, 0.6982782185077667, 0.9988078077634176, 0.8156661093235016, 0.8751377463340759, 0.9999825784138271, 0.9959447221322493, 0.9999512434005737, 0.9994894921779632, 0.46312867601712543, 0.690916158258915], "det_polygons": [[80.3671875, 981.3988095238094, 80.3671875, 969.4940476190475, 116.0859375, 969.4940476190475, 116.0859375, 981.3988095238094], [2.232421875, 980.6547619047618, 2.232421875, 970.2380952380951, 71.4375, 970.2380952380951, 71.4375, 980.6547619047618], [192.732421875, 982.8869047619046, 192.732421875, 966.517857142857, 233.66015625, 966.517857142857, 233.66015625, 982.8869047619046], [157.013671875, 981.3988095238094, 157.013671875, 967.2619047619046, 187.5234375, 967.2619047619046, 187.5234375, 981.3988095238094], [121.68553438782692, 968.1721641903831, 153.1329925954342, 967.0878819056918, 153.65176543593407, 982.1305047898064, 122.2043072283268, 983.2147870744976], [2.913131327368319, 951.8173762730189, 80.33529219031334, 950.9666987827845, 80.48121124505997, 964.2434801374162, 3.059048607945442, 965.0941576276506], [60.90590491890907, 819.2647298177083, 133.11384299397469, 818.3390299479165, 133.31354919075966, 833.9137122744604, 61.105611115694046, 834.8394121442522], [326.5675939321518, 817.0229593912759, 364.4578592777252, 816.0758245558965, 364.8111262321472, 830.2038283575148, 326.9208608865738, 831.1509631928942], [363.02626061439514, 815.5394962855747, 436.00372838974, 814.6708352225166, 436.1808614730835, 829.5496077764601, 363.20339369773865, 830.4182688395181], [521.5832158327103, 815.5197870163689, 593.0540531873703, 814.6983555385044, 593.1738678216934, 825.12210664295, 521.7030304670334, 825.9435381208147], [595.2170752286911, 814.0593029203868, 667.4674798250198, 813.2093520391554, 667.5899287462234, 823.6158461797804, 595.3395241498947, 824.4657970610118], [92.16930368542671, 697.7952775501069, 92.40913733839989, 684.3668165661039, 147.4447042644024, 685.3494644165038, 147.20487061142921, 698.7779254005068], [325.83315020799637, 681.5948486328124, 393.6039272546768, 680.7582491920107, 393.76884269714355, 694.112323579334, 325.99804294109344, 694.9489230201357], [519.41015625, 692.7083333333333, 519.41015625, 677.0833333333333, 550.6640625, 677.0833333333333, 550.6640625, 692.7083333333333], [93.67775085568428, 677.0316986810593, 93.82983550429344, 663.6490140642438, 171.25275322794914, 664.5286650884718, 171.10066857933998, 677.9113497052873], [58.787109375, 677.8273809523808, 58.787109375, 664.4345238095237, 94.505859375, 664.4345238095237, 94.505859375, 677.8273809523808], [568.2867604494095, 578.0213673909504, 568.8931914567947, 559.2237200055803, 605.9656015634537, 560.419445946103, 605.3591705560684, 579.2170933314732], [520.154296875, 577.3809523809523, 520.154296875, 559.5238095238094, 574.4765625, 559.5238095238094, 574.4765625, 577.3809523809523], [94.505859375, 569.1964285714286, 94.505859375, 538.6904761904761, 174.12890625, 538.6904761904761, 174.12890625, 569.1964285714286], [328.166015625, 558.7797619047618, 328.166015625, 539.4345238095237, 428.625, 539.4345238095237, 428.625, 558.7797619047618], [526.107421875, 555.0595238095237, 526.107421875, 537.2023809523808, 581.173828125, 537.2023809523808, 581.173828125, 555.0595238095237], [571.6195875406265, 554.8703329903739, 575.2137540578842, 532.4095771426246, 606.6452475786209, 537.4379839215959, 603.0510810613632, 559.8987397693452], [90.52620130777359, 541.7346954345702, 90.92036783695221, 530.3053174700055, 144.5117551088333, 532.153084164574, 144.1175885796547, 543.5824621291387], [322.88168156147003, 526.8630981445311, 392.06586706638336, 525.9761810302733, 392.22828447818756, 538.6419750395274, 323.04409897327423, 539.5288921537853], [517.921875, 523.8095238095237, 547.6875, 523.8095238095237, 547.6875, 535.7142857142857, 517.921875, 535.7142857142857], [87.72110022604465, 510.46562194824213, 162.8946037888527, 509.6573602585565, 163.00644743442535, 520.0568607875279, 87.8329381942749, 520.8651224772135], [57.626405104994774, 510.0930077689034, 85.4833075851202, 508.93243153889966, 86.0030455738306, 521.4045842488606, 58.14614309370518, 522.5651604788643], [54.8154052644968, 451.7995289393833, 85.39145953953266, 450.7453101021902, 85.90228410065174, 465.55732545398524, 55.32622982561588, 466.61154429117835], [54.92659601569176, 406.1777478172665, 55.107158213853836, 392.8174972534179, 119.90596005320549, 393.6930611020042, 119.72539785504341, 407.0533116658528], [231.427734375, 401.7857142857142, 231.427734375, 395.08928571428567, 236.63671875, 395.08928571428567, 236.63671875, 401.7857142857142], [176.361328125, 404.76185934884205, 176.361328125, 393.6011450631277, 213.568359375, 393.6011450631277, 213.568359375, 404.76185934884205], [243.29067760705948, 394.37866210937494, 298.3670759797096, 393.56885637555797, 298.4875718951225, 401.7625536237444, 243.41117352247238, 402.5723593575613], [540.24609375, 360.1190476190476, 540.24609375, 347.4702380952381, 573.732421875, 347.4702380952381, 573.732421875, 360.1190476190476], [177.849609375, 344.4940476190476, 177.849609375, 337.0535714285714, 183.802734375, 337.0535714285714, 183.802734375, 344.4940476190476], [90.041015625, 348.9583333333333, 90.041015625, 334.82142857142856, 119.806640625, 334.82142857142856, 119.806640625, 348.9583333333333], [54.92022603750229, 335.64476739792593, 89.18702977895737, 334.5026742844354, 89.67843782901764, 349.2432548886253, 55.41163408756256, 350.38534800211585], [412.25390625, 348.9583333333333, 412.25390625, 334.82142857142856, 462.111328125, 334.82142857142856, 462.111328125, 348.9583333333333], [219.31789487600327, 334.79222797212145, 257.3170743584633, 333.9286985851469, 257.5736902356148, 345.218885512579, 219.57451075315475, 346.08241489955356], [183.550819337368, 334.2014948527018, 217.12062710523605, 333.152589343843, 217.53952413797379, 346.5556190127418, 183.96971637010574, 347.6045245216006], [258.216796875, 345.2380952380952, 258.216796875, 333.3333333333333, 294.6796875, 333.3333333333333, 294.6796875, 345.2380952380952], [58.787109375, 281.24999999999994, 74.4140625, 281.24999999999994, 74.4140625, 288.69047619047615, 58.787109375, 288.69047619047615], [234.404296875, 281.24999999999994, 