{"rec_texts": ["from", "produced", "site", "web", "baw", "462231045", "aslacbta", "lmanager", "requesting", "return", "or", "department", "purchasing", "director", "product", "group", "manager", "manager", "requesting", "signaturese", "spns", "services", "ising", "merchandi", "customized", "1990", "fundings", "associates", "robert", "nielson", "display", "chicago", "equation", "display", "show", "chicago", "considereds", "being", "suppliers", "h", "re", "see", "projects", "attached", "of", "summary", "stores", "convenient", "nonspecific", "leck", "circle", "fixture", "package", "items", "merchandising", "general", "brands", "1990", "june", "dates", "t", "brief", "project"], "rec_scores": [0.999796062707901, 0.9999880194664001, 0.9999652206897736, 0.9896860520044962, 0.9948426087697347, 0.9343195557594299, 0.928335078060627, 0.9373444393277168, 0.9999900341033936, 0.9998530348141988, 0.3310277834534645, 0.9998362123966217, 0.9999830245971679, 0.999896802008152, 0.9999591537884304, 0.9999151706695557, 0.9999858140945435, 0.999954811164311, 0.9999963283538819, 0.9863722703673623, 0.9996187090873718, 0.9999962002038956, 0.9984187841415405, 0.9999551706843905, 0.9996149659156799, 0.9348760694265366, 0.9995797127485275, 0.9999899983406066, 0.9999295572439829, 0.9993249944278172, 0.9639547382082257, 0.9992418970380511, 0.97651656717062, 0.9999924046652657, 0.9975842982530594, 0.9998258096831185, 0.9850388223474676, 0.9999855041503907, 0.9999374349912008, 0.6102129817008972, 0.4200132042169571, 0.9996190667152405, 0.9627295359969139, 0.9999908655881882, 0.9995243549346924, 0.9999715004648481, 0.9999086658159891, 0.9989913642406464, 0.9993852106007662, 0.8407237678766251, 0.9998888969421387, 0.9999422686440604, 0.9999797684805733, 0.9702048182487488, 0.9614914472286518, 0.9685769421713692, 0.9932209650675455, 0.8691650927066803, 0.9998821914196014, 0.9942082285881042, 0.20412760972976685, 0.9999903917312623, 0.9999856608254569], "det_polygons": [[78.87890625, 982.8869047619046, 78.87890625, 968.7499999999999, 117.57421875, 968.7499999999999, 117.57421875, 982.8869047619046], [2.232421875, 980.6547619047618, 2.232421875, 970.2380952380951, 71.4375, 970.2380952380951, 71.4375, 980.6547619047618], [192.732421875, 982.8869047619046, 192.732421875, 966.517857142857, 233.66015625, 966.517857142857, 233.66015625, 982.8869047619046], [156.26953125, 981.3988095238094, 156.26953125, 967.2619047619046, 187.5234375, 967.2619047619046, 187.5234375, 981.3988095238094], [121.68553438782692, 968.1721641903831, 153.1329925954342, 967.0878819056918, 153.65176543593407, 982.1305047898064, 122.2043072283268, 983.2147870744976], [8.055972889065742, 952.3997533889043, 81.07571983337402, 951.5507107689266, 81.23175023496151, 964.9677276611327, 8.212003290653229, 965.8167702811104], [94.32969143986702, 837.6679193405877, 94.7120718061924, 821.8011401948473, 166.21563336253166, 823.5239301409039, 165.83325299620628, 839.3907092866442], [286.4142036437988, 785.0368136451357, 286.61985969543457, 771.4666639055523, 349.09079217910767, 772.4130721319289, 348.8851361274719, 785.9832218715122], [199.4296875, 782.7380952380952, 199.4296875, 772.3214285714284, 283.517578125, 772.3214285714284, 283.517578125, 782.7380952380952], [96.58910340070724, 784.0975806826636, 96.85303169488907, 768.5274396623882, 149.72228372097015, 769.423348563058, 149.45835542678833, 784.9934895833333], [154.037109375, 785.7142857142857, 154.037109375, 767.1130952380952, 183.802734375, 767.1130952380952, 183.802734375, 785.7142857142857], [191.18775326013565, 737.3071852184477, 191.34485667943954, 729.1400091988698, 273.24156564474106, 730.71475256057, 273.08446222543716, 738.8819285801478], [99.71484375, 738.095238095238, 99.71484375, 728.4226190476189, 183.05859375, 728.4226190476189, 183.05859375, 738.095238095238], [215.73578703403473, 698.584511166527, 215.89602434635162, 685.9283447265624, 285.0806186199188, 686.8039994012742, 284.92038130760193, 699.4601658412388], [151.060546875, 697.1726190476189, 151.060546875, 686.7559523809523, 209.84765625, 686.7559523809523, 209.84765625, 697.1726190476189], [98.7870751619339, 697.0669882638113, 99.08981376886368, 683.7486085437592, 143.76591128110886, 684.7638629731676, 143.46317267417908, 698.0822426932198], [217.22692966461182, 653.9646784464518, 217.3420661687851, 645.7922345116024, 276.9034287929535, 646.631013779413, 276.7882922887802, 654.8034577142624], [192.65314346551895, 612.26749420166, 192.91911560297012, 602.5613603137788, 252.4872002005577, 604.1931424822126, 252.22122806310654, 613.8992763700938], [101.8590624332428, 610.9408878144764, 102.03506004810333, 601.8784386771065, 185.39073246717453, 603.4967785789852, 185.214734852314, 612.559227716355], [103.2960205078125, 569.824354989188, 103.49329680204391, 559.4681785220191, 189.89563554525375, 561.1137662615095, 189.69835925102234, 571.4699427286783], [196.453125, 473.21428571428567, 196.453125, 462.0535714285714, 229.939453125, 462.0535714285714, 229.939453125, 473.21428571428567], [104.10681313276291, 473.4712782360258, 104.2798131108284, 460.4974020095098, 172.74842637777328, 461.41020456949866, 172.5754263997078, 474.38408079601464], [311.3244745731354, 446.9460078648158, 312.0821499824524, 432.93053763253346, 348.6393299102783, 434.90636916387643, 347.8816545009613, 448.9218393961588], [237.24864542484283, 444.1265832810174, 237.4907273054123, 433.35587637765065, 311.93408489227295, 435.0285303025018, 311.6920030117035, 445.7992372058686], [146.595703125, 444.94047619047615, 146.595703125, 434.52380952380946, 231.427734375, 434.52380952380946, 231.427734375, 444.94047619047615], [104.08286610245705, 433.82154192243297, 140.46182289719582, 432.8643253871372, 140.77750584483147, 444.8586418515159, 104.3985490500927, 445.8158583868117], [104.05279889702797, 418.1236993698846, 104.22965946793556, 404.68424842471165, 172.7570672929287, 405.58578854515434, 172.5802067220211, 419.02523949032735], [247.6206277012825, 376.37930824643087, 247.8757901787758, 363.75066212245395, 331.9894786477089, 365.4497010367257, 331.7343161702156, 378.0783471607026], [105.53036132454872, 363.1606783185686, 157.63046970963478, 362.2777121407645, 157.86062917113304, 375.85580916631784, 105.76052078604698, 376.73877534412196], [161.929466933012, 375.5868730090913, 162.33432957530022, 361.41899653843467, 223.51651668548584, 363.1668544950939, 223.11165404319763, 377.3347309657505], [170.0676988363266, 349.4359879266648, 170.55844831466675, 333.7333315894717, 233.9577852487564, 335.71429479689823, 233.46703577041626, 351.4169511340913], [106.26683753728867, 348.420052301316, 106.46763378381729, 334.76752326602025, 166.80656522512436, 335.65475827171684, 166.60576897859573, 349.3072873070126], [171.82304227352142, 320.60922895159035, 171.98100864887238, 307.971681867327, 241.91928148269653, 308.8457924979073, 241.76131510734558, 321.48333958217074], [106.10918909311295, 319.82210704258506, 106.5073070526123, 306.287788209461, 166.18389701843262, 308.0427760169619, 165.78577905893326, 321.577094850086], [172.428451359272, 293.03169250488276, 172.7812187075615, 279.6285265967959, 210.07990497350693, 280.60994829450334, 209.72713762521744, 294.0131142025902], [106.41208666563034, 293.89878681727816, 106.41208666563034, 278.27378681727816, 168.17575854063034, 278.27378681727816, 168.17575854063034, 293.89878681727816], [239.43964540958405, 266.9881866091773, 239.69121980667114, 253.1534603663853, 332.0559035539627, 254.83260835920058, 331.8043291568756, 268.6673346019926], [189.4348851442337, 263.23120934622625, 189.87472021579742, 252.2368885221935, 235.3433747291565, 254.05540920439216, 234.90353965759277, 265.0497300284249], [107.900390625, 263.3928571428571, 107.900390625, 252.23214285714283, 183.05859375, 252.23214285714283, 183.05859375, 263.3928571428571], [564.0939295291901, 296.0707800728934, 685.9812934398651, 216.8539138067336, 701.5886256694794, 240.8622105916341, 579.7012617588043, 320.07907685779384], 