{"rec_texts": ["from", "produced", "site", "web", "baw", "210350475", "revisions", "complete", "date", "revisions", "sapproved", "signature", "department", "dale", "vapprovals", "baw", "irz", "nahslez", "signature", "department", "date", "ppronals", "ott", "na", "tan", "tinxelis", "a", "warning", "trim", "haxie", "msizes", "sq", "2t", "ncheee", "msqn", "1241ss7", "dater", "description", "sameradal", "s", "rsigns", "dispenser", "hess", "brand", "bkool", "o", "jobi", "19", "bew", "corporation", "aobacco", "bbrown", "s", "williamson"], "rec_scores": [0.9999334514141083, 0.9999880194664001, 0.9999652206897736, 0.9988187154134115, 0.9948426087697347, 0.9895291924476624, 0.9999938805898031, 0.9877460673451424, 0.9887548834085464, 0.9423153400421143, 0.7845365504423777, 0.9986923668119643, 0.987010020017624, 0.8583229780197144, 0.8496656596660614, 0.9709780812263489, 0.25769701103369397, 0.6787685283592769, 0.9985325270228915, 0.9491785347461701, 0.9971673488616943, 0.654503583908081, 0.9529226223627726, 0.7428553402423859, 0.983139177163442, 0.2918057646602392, 0.8272911310195923, 0.9953814234052386, 0.941824197769165, 0.6364599972963333, 0.6377918223539988, 0.8607133030891418, 0.42154206335544586, 0.5472896297772726, 0.3212675452232361, 0.5448293047291892, 0.861339145898819, 0.9993832599033009, 0.9457124471664429, 0.34139248728752136, 0.7192189544439316, 0.9925118684768677, 0.7574822157621384, 0.9998918771743774, 0.8947264373302459, 0.44457313418388367, 0.9152712523937225, 0.7705852091312408, 0.9250426491101583, 0.8950245488773693, 0.9096676622118268, 0.726966937383016, 0.49255242943763733, 0.9994966804981231], "det_polygons": [[78.68223175406456, 982.3285965692428, 79.07676163315773, 968.52175394694, 116.95449140667915, 969.6038564046223, 116.55996152758598, 983.4106990269252], [2.232421875, 980.6547619047618, 2.232421875, 970.2380952380951, 71.4375, 970.2380952380951, 71.4375, 980.6547619047618], [192.732421875, 982.8869047619046, 192.732421875, 966.517857142857, 233.66015625, 966.517857142857, 233.66015625, 982.8869047619046], [157.013671875, 981.3988095238094, 157.013671875, 967.2619047619046, 187.5234375, 967.2619047619046, 187.5234375, 981.3988095238094], [121.78805583715439, 968.1686219714935, 153.13300395011902, 967.0879727318172, 153.6517767906189, 982.1305956159318, 122.30682867765427, 983.2112448556081], [2.9294038326479495, 953.9012908935546, 79.5513931363821, 953.0862172444661, 79.66228866577148, 963.5096050444103, 3.040302023291588, 964.3246786934988], [141.991367071867, 745.533579871768, 142.15482911467552, 735.0729533604213, 195.80122983455658, 735.9110968453542, 195.63776779174805, 746.371723356701], [370.58203125, 744.0476190476189, 370.58203125, 733.6309523809523, 424.16015625, 733.6309523809523, 424.16015625, 744.0476190476189], [342.3046875, 744.7916666666666, 342.3046875, 732.8869047619047, 369.837890625, 732.8869047619047, 369.837890625, 744.7916666666666], [486.55119717121124, 732.9867226736885, 539.3302248716354, 731.2843686058407, 539.6635984182358, 741.6182926722935, 486.8845707178116, 743.3206467401412], [540.1345907449722, 730.7354155040922, 595.2108982801437, 729.9009958902994, 595.3682287931442, 740.2814229329426, 540.2919212579727, 741.1158425467354], [164.455078125, 647.3214285714284, 164.455078125, 636.1607142857142, 208.359375, 636.1607142857142, 208.359375, 647.3214285714284], [341.47902023792267, 644.2730767386299, 341.6203633546829, 635.3703907557896, 393.6970810890198, 636.196908496675, 393.5557379722595, 645.0995944795154], [484.8020761013031, 632.6832998366582, 508.76336789131165, 631.6416150047664, 509.2435348033905, 642.6844369797478, 485.28224301338196, 643.7261218116396], [165.11838474869728, 622.0758528936476, 226.90103030204773, 621.2296258835564, 227.0532284975052, 632.3372977120534, 165.2705715894699, 633.1835247221446], [141.38671875, 621.2797619047618, 166.6875, 621.2797619047618, 166.6875, 632.4404761904761, 141.38671875, 632.4404761904761], [489.5608699321747, 548.0274927048456, 555.8242671489716, 547.2387586321149, 555.9349071979523, 556.5291813441685, 489.6715099811554, 557.3179154168992], [490.7297211885452, 531.6687992640904, 544.5809944868088, 529.7795250302269, 545.0668841600418, 543.6252412341889, 491.21561086177826, 545.5145154680524], [165.19921875, 531.9940022059849, 165.19921875, 523.809478396461, 206.126953125, 523.809478396461, 206.126953125, 531.9940022059849], [342.22254770994186, 522.3581677391414, 393.61437356472015, 521.5425491333007, 393.7436807155609, 529.6895617530458, 342.3518775701523, 530.5051803588866], [485.923828125, 529.0178571428571, 485.923828125, 519.3452380952381, 508.9921875, 519.3452380952381, 508.9921875, 529.0178571428571], [162.966796875, 517.1130952380952, 162.966796875, 508.9285714285714, 222.498046875, 508.9285714285714, 222.498046875, 517.1130952380952], [142.130859375, 518.6011904761904, 142.130859375, 508.9285714285714, 164.455078125, 508.9285714285714, 164.455078125, 518.6011904761904], [167.431640625, 465.77380952380946, 186.03515625, 465.77380952380946, 186.03515625, 476.93452380952374, 167.431640625, 476.93452380952374], [139.8984375, 477.6785714285714, 139.8984375, 465.02976190476187, 165.19921875, 465.02976190476187, 165.19921875, 477.6785714285714], [194.220703125, 446.4285714285714, 194.220703125, 436.0119047619047, 282.7734375, 436.0119047619047, 282.7734375, 446.4285714285714], [197.94140625, 424.8511904761904, 203.89453125, 424.8511904761904, 203.89453125, 429.31547619047615, 197.94140625, 429.31547619047615], [142.02296715974808, 422.7450234549386, 188.15764206647873, 421.8908037458147, 188.321921646595, 430.761246454148, 142.18724673986435, 431.6154661632719], [140.642578125, 389.88095238095235, 140.642578125, 378.7202380952381, 165.943359375, 378.7202380952381, 165.943359375, 389.88095238095235], [191.157390832901, 378.77625510806126, 248.49854922294617, 377.9331161862327, 248.65106534957886, 388.30375671386713, 191.3099069595337, 389.1468956356956], [165.19921875, 389.88095238095235, 165.19921875, 377.9761904761904, 189.755859375, 377.9761904761904, 189.755859375, 389.88095238095235], [140.642578125, 345.2380952380952, 140.642578125, 336.3095238095238, 157.013671875, 336.3095238095238, 157.013671875, 345.2380952380952], [230.68359375, 334.0773809523809, 249.287109375, 334.0773809523809, 249.287109375, 346.7261904761904, 230.68359375, 346.7261904761904], [159.81263574957848, 335.6909524826776, 224.62618732452393, 333.9394614810035, 224.9184114933014, 344.7504043579101, 160.10487127304077, 346.50189535958424], [248.06214326620102, 346.1080732799711, 249.75648933649063, 332.55495343889504, 266.883169233799, 334.69554356166293, 265.18882316350937, 348.248663402739], [180.08203125, 316.96428571428567, 180.08203125, 305.8035714285714, 217.2890625, 305.8035714285714, 217.2890625, 316.96428571428567], [139.154296875, 319.19642857142856, 139.154296875, 305.0595238095238, 169.6640625, 305.0595238095238, 169.6640625, 319.19642857142856], [142.05726966261864, 279.00956925891694, 206.82438057661057, 278.21007229032966, 206.92586874961853, 286.4301091148739, 142.15876919031143, 287.2296060834612], [235.0208335518837, 276.86934244065054, 276.0100648999214, 275.9783835638137, 276.23715859651566, 286.42247972034266, 235.24792724847794, 287.3134385971796], [210.591796875, 287.94642857142856, 210.591796875, 276.04166666666663, 235.1484375, 276.04166666666663, 235.1484375, 287.94642857142856], [345.28125, 286.4583333333333, 345.28125, 274.5535714285714, 368.349609375, 274.5535714285714, 368.349609375, 286.4583333333333], [300.52403461933136, 275.39491653442377, 344.48760294914246, 274.4596345084054, 344.71051812171936, 284.934884025937, 300.74694979190826, 285.87016605195544], [276.076171875, 285.71428571428567, 276.076171875, 274.5535714285714, 299.888671875, 274.5535714285714, 299.888671875, 285.71428571428567], [141.38671875, 259.67261904761904, 141.38671875, 249.25595238095235, 177.10546875, 249.25595238095235, 177.10546875, 259.67261904761904], [184.546875, 