{"rec_texts": ["change", "to", "itions", "to", "due", "unsubject", "condit", "plocal", "f", "tony", "pnari", "fdc", "61714262000", "bostoni", "mass", "02117", "lington", "street", "arli", "ea", "room", "boston", "plaza", "park", "aes", "pl", "a12", "am", "930", "time", "meetinge", "october", "3rd", "ate", "dat", "orientation", "isors", "supervi", "of", "number", "personnele", "per", "day", "24", "pling", "samp", "of", "number", "quantities", "2701", "looos", "hours", "asms", "pl", "930", "se30", "sampling", "dates", "october", "through", "roctober", "sampling", "product", "flights", "foolds", "old", "markets", "boston", "sampling", "cigarette", "program", "fedmral", "distriiting", "corforation"], "rec_scores": [0.9999564389387766, 0.9999206066131592, 0.9987022082010905, 0.9998265206813812, 0.9906379779179891, 0.8587940898206499, 0.9998599588871002, 0.759090875585874, 0.6930623650550842, 0.9558333456516266, 0.655150106549263, 0.9653177857398987, 0.8562822477384047, 0.8461442972932544, 0.7970388829708099, 0.9952759504318237, 0.9993866086006165, 0.9485969046751658, 0.997905358672142, 0.5299137085676193, 0.997312918305397, 0.8501169780890147, 0.9999709367752075, 0.864782840013504, 0.29308343927065533, 0.9808413088321686, 0.6870348652203878, 0.8214811980724335, 0.7274253169695536, 0.9999927580356598, 0.9074036106467247, 0.9985083852495465, 0.9655776619911194, 0.999912679195404, 0.9998926917711893, 0.9800107641653582, 0.9957021474838257, 0.9961456060409546, 0.9982383549213409, 0.9979796508948008, 0.6798580229282379, 0.9999576012293497, 0.8884871204694113, 0.8481731116771698, 0.8493614971637726, 0.6404483020305634, 0.9362309575080872, 0.9958441654841105, 0.9998316824436188, 0.7257382124662399, 0.5446116685867309, 0.7469868302345276, 0.5236946903169155, 0.4943835362792015, 0.37212225298086804, 0.25493254885077477, 0.9999186918139458, 0.9999140501022339, 0.9999057565416608, 0.9999713216509137, 0.8489547371864319, 0.9999755769968033, 0.9998393739972796, 0.9174305328301021, 0.6494885285695394, 0.9868821899096171, 0.9841732467923846, 0.9997684160868326, 0.9483524113893509, 0.9682538708051046, 0.9570407697132656, 0.8837301773684365, 0.9824591062285684, 0.9745409759608182], "det_polygons": [[167.8828125, 858.6156111929307, 167.8828125, 845.3608247422679, 218.689453125, 845.3608247422679, 218.689453125, 858.6156111929307], [143.583984375, 857.8792341678939, 143.583984375, 844.6244477172312, 162.728515625, 844.6244477172312, 162.728515625, 857.8792341678939], [371.109375, 857.1427672530835, 371.109375, 843.1516037773839, 413.81640625, 843.1516037773839, 413.81640625, 857.1427672530835], [257.71484375, 857.1428571428571, 257.71484375, 843.8880706921943, 276.123046875, 843.8880706921943, 276.123046875, 857.1428571428571], [223.84375, 857.8792341678939, 223.84375, 843.1516936671575, 251.82421875, 843.1516936671575, 251.82421875, 857.8792341678939], [70.91217018663883, 859.6259722477907, 71.63791449368, 841.481182115243, 138.06624233722687, 844.1385036013438, 137.3404980301857, 862.2832937338917], [329.875, 856.4064801178203, 329.875, 842.4153166421207, 372.58203125, 842.4153166421207, 372.58203125, 856.4064801178203], [278.64646726846695, 841.3365494695784, 325.0451162457466, 839.36203070347, 325.75915318727493, 856.143013191504, 279.36050420999527, 858.1175319576122], [575.325737953186, 866.872616123205, 582.2423865795135, 790.7843386126196, 598.0432403087616, 792.2209569737205, 591.1265916824341, 868.3092344843059], [212.51537954807281, 791.315856843704, 244.21582436561584, 790.1417166214101, 244.7514419555664, 804.6039025105854, 213.05099713802338, 805.7780427328792], [245.197265625, 803.3873343151693, 245.197265625, 790.1325478645066, 284.22265625, 790.1325478645066, 284.22265625, 803.3873343151693], [70.6875, 790.1325478645066, 70.6875, 778.3505154639174, 97.1953125, 778.3505154639174, 97.1953125, 790.1325478645066], [265.814453125, 737.1134020618556, 265.814453125, 723.1222385861561, 351.228515625, 723.1222385861561, 351.228515625, 737.1134020618556], [266.55078125, 723.1222385861561, 266.55078125, 712.0765832106038, 312.939453125, 712.0765832106038, 312.939453125, 723.1222385861561], [320.1264497637749, 711.4445682126749, 353.93305188417435, 710.5308386643961, 354.23133128881454, 721.5684039603276, 320.42472916841507, 722.4821335086064], [367.427734375, 721.6494845360825, 367.427734375, 710.6038291605302, 403.5078125, 710.6038291605302, 403.5078125, 721.6494845360825], [306.94952899217606, 698.9103831317884, 349.6113037467003, 698.0738688990012, 349.82720464468, 709.0864448378819, 307.1654298901558, 709.9229590706691], [354.91015625, 709.8674521354933, 354.91015625, 697.3490427098674, 396.880859375, 697.3490427098674, 396.880859375, 709.8674521354933], [287.16796875, 709.8674521354933, 287.16796875, 697.3490427098674, 309.994140625, 697.3490427098674, 309.994140625, 709.8674521354933], [265.814453125, 710.6038291605302, 265.814453125, 695.8762886597938, 284.958984375, 695.8762886597938, 284.958984375, 710.6038291605302], [435.169921875, 695.1399116347569, 435.169921875, 684.8306332842415, 465.359375, 684.8306332842415, 465.359375, 695.1399116347569], [265.71879428625107, 684.9157588998066, 309.85497802495956, 684.0829301477356, 310.0630140900612, 695.1107873481221, 265.9268303513527, 695.9436161001933], [347.546875, 695.1399116347569, 347.546875, 683.3578792341679, 385.099609375, 683.3578792341679, 385.099609375, 695.1399116347569], [313.29465144872665, 684.1389764215528, 344.37687546014786, 682.8956210736146, 344.8603155016899, 694.9822899168123, 313.7780914902687, 696.2256452647505], [217.7045288681984, 683.9902088463042, 249.4713528752327, 683.0274893714331, 249.81250685453415, 694.2859138410115, 218.04568284749985, 695.2486333158827], [201.017578125, 695.8762886597938, 201.017578125, 684.0942562592046, 217.953125, 684.0942562592046, 217.953125, 695.8762886597938], [468.3046875, 695.1399116347569, 468.3046875, 682.621502209131, 493.33984375, 682.621502209131, 493.33984375, 695.1399116347569], [300.421875, 682.621502209131, 300.421875, 673.7849779086891, 328.40234375, 673.7849779086891, 328.40234375, 682.621502209131], [266.55078125, 683.3578792341679, 266.55078125, 671.5758468335787, 296.740234375, 671.5758468335787, 296.740234375, 683.3578792341679], [201.75390625, 670.8394698085419, 234.888671875, 670.8394698085419, 234.888671875, 682.621502209131, 201.75390625, 682.621502209131], [86.81368815898895, 668.5834612165178, 86.94240176677704, 658.28496963883, 152.50216555595398, 659.1044947044136, 152.3734519481659, 669.4029862821013], [267.287109375, 667.8939617083946, 267.287109375, 657.5846833578792, 316.62109375, 657.5846833578792, 316.62109375, 667.8939617083946], [321.775390625, 668.6303387334315, 321.775390625, 656.8483063328424, 344.6015625, 656.8483063328424, 344.6015625, 668.6303387334315], [217.216796875, 670.1030927835051, 217.216796875, 656.8483063328424, 235.625, 656.8483063328424, 235.625, 670.1030927835051], [200.28125, 669.3667157584683, 200.28125, 656.8483063328424, 220.162109375, 656.8483063328424, 220.162109375, 669.3667157584683], [70.6167333573103, 644.3627965643409, 161.23626470565796, 643.5678114069403, 161.32662039995193, 653.8698086857971, 70.70709466934204, 654.6647938431977], [127.384765625, 593.519882179676, 161.255859375, 593.519882179676, 161.255859375, 602.3564064801178, 127.384765625, 602.3564064801178], [72.16015625, 603.0927835051546, 72.16015625, 592.7835051546391, 128.857421875, 592.7835051546391, 128.857421875, 603.0927835051546], [128.6390716433525, 588.0402465280973, 129.2484388947487, 580.7272639997929, 144.6656236052513, 582.0121484231175, 144.05625635385513, 589.3251309514221], [70.6875, 589.8379970544919, 70.6875, 579.5287187039764, 122.966796875, 579.5287187039764, 122.966796875, 589.8379970544919], [72.16015625, 535.3460972017673, 72.16015625, 527.2459499263623, 149.474609375, 527.2459499263623, 149.474609375, 535.3460972017673], [233.416015625, 535.3460972017673, 233.416015625, 523.5640648011781, 256.978515625, 