{"rec_texts": ["a", "m", "ad", "t", "misc", "regulatory", "atuse", "na", "ing", "mm", "sc", "bpimp", "sa", "physical", "appearance", "yellow", "liquia", "ss", "vcalculated", "ph", "s426", "mixture", "unknown", "test", "compound", "activation", "sruetosit", "problems", "technical", "itive", "s", "with", "the", "swiths", "activat", "negative", "reruns", "activationi", "ationss", "border", "ithouts", "wit", "yresults", "assayr", "t", "activations", "s9", "negative", "lymphs", "ithouts", "itive", "posit", "with", "wit", "compound", "name", "mixture", "proprietary", "f", "sabr", "chem", "nza", "ssay", "no", "genetic", "compound", "code", "6692", "bes", "ittons", "bionet", "lit", "etics", "compound", "structure"], "rec_scores": [0.14350080490112305, 0.3296986222267151, 0.1739632748067379, 0.2794703245162964, 0.9987386465072632, 0.9999855160713196, 0.44852561950683595, 0.9910309612751007, 0.6949211955070496, 0.94083371758461, 0.6717344969511032, 0.8878998756408691, 0.5012302100658417, 0.9999505281448364, 0.9995970606803894, 0.9998757441838583, 0.9510792593161265, 0.2407853603363037, 0.924998091025786, 0.9902628064155579, 0.7754844948649406, 0.9999975987843105, 0.9999931539808001, 0.9999161213636398, 0.9995690584182739, 0.9999986529350281, 0.48799651198916966, 0.9999843835830688, 0.9999963707394071, 0.9991250038146973, 0.9934245347976685, 0.9940140247344971, 0.9988253513971964, 0.8425522843996683, 0.9999088730130877, 0.9999975711107254, 0.9083867222070694, 0.9949936650016091, 0.7787930816411972, 0.9998628199100494, 0.9559296539851597, 0.9997255206108093, 0.832856796681881, 0.8203440656264623, 0.3185322880744934, 0.9447425522587516, 0.8900830745697021, 0.9999965876340866, 0.9678775370121002, 0.969579245362963, 0.9999351739883423, 0.9999956130981446, 0.9718800336122513, 0.9999380111694336, 0.9998750239610672, 0.9991879463195801, 0.9999926090240479, 0.9987039240923795, 0.43877655267715454, 0.450151652097702, 0.9998906403779984, 0.7784836987654368, 0.5273947566747665, 0.6756087243556976, 0.9977476511682782, 0.9999295324087143, 0.7969749867916107, 0.9283637255430222, 0.39972397685050964, 0.8950255066156387, 0.9999691247940063, 0.9999616543451945, 0.9998057007789611, 0.99999138712883, 0.9993866946962144], "det_polygons": [[686.80859375, 955.5052790346908, 693.59375, 955.5052790346908, 693.59375, 959.2760180995475, 686.80859375, 959.2760180995475], [677.76171875, 959.2760180995475, 677.76171875, 955.5052790346908, 686.0546875, 955.5052790346908, 686.0546875, 959.2760180995475], [638.55859375, 960.0301659125188, 638.55859375, 954.7511312217194, 667.20703125, 954.7511312217194, 667.20703125, 960.0301659125188], [660.0665028095245, 880.520229425905, 663.5485336780548, 787.6361369367459, 685.672810792923, 788.4661414144985, 682.1907799243927, 881.3502339036576], [101.77734375, 696.8325791855203, 101.77734375, 684.7662141779789, 129.671875, 684.7662141779789, 129.671875, 696.8325791855203], [103.9712021946907, 629.0200810267015, 177.87018889188766, 628.180042111496, 177.98991936445236, 638.7196076221956, 104.0909326672554, 639.559646537401], [180.08746886253357, 627.5514168257447, 225.3332325220108, 626.5674896010087, 225.6273820400238, 640.1029330752733, 180.38161838054657, 641.0868603000094], [245.01953125, 637.2549019607843, 245.01953125, 622.1719457013575, 279.69921875, 622.1719457013575, 279.69921875, 637.2549019607843], [343.78125, 593.5143288084464, 343.78125, 580.6938159879336, 361.875, 580.6938159879336, 361.875, 593.5143288084464], [321.1640625, 592.7601809954751, 321.1640625, 580.6938159879336, 343.02734375, 580.6938159879336, 343.02734375, 592.7601809954751], [253.54772758483887, 587.3182017698906, 254.35593128204346, 582.8717492105015, 264.1084430217743, 584.6455431631787, 263.3002393245697, 589.0919957225678], [123.640625, 596.5309200603318, 123.640625, 579.1855203619909, 161.3359375, 579.1855203619909, 161.3359375, 596.5309200603318], [178.42760050296783, 577.7996172552555, 219.26634407043457, 576.752169279671, 219.65321338176727, 591.8445155631363, 178.81446981430054, 592.8919635387208], [103.9307091832161, 563.1735501066412, 104.1516951918602, 549.6890152921144, 159.95048981904984, 550.6040823405684, 159.72950381040573, 564.0886171550952], [168.12109375, 561.0859268211491, 168.12109375, 549.773709626579, 239.7421875, 549.773709626579, 239.7421875, 561.0859268211491], [247.1192089319229, 561.007860738947, 247.3465679883957, 547.3615781574048, 304.70289409160614, 548.3177956053214, 304.47553503513336, 561.9640781868637], [309.1015625, 561.0859728506787, 309.1015625, 547.5113122171946, 367.15234375, 547.5113122171946, 367.15234375, 561.0859728506787], [204.80730199813843, 502.87772016108124, 205.21651148796082, 491.00753300869627, 234.01270246505737, 492.00085025747074, 233.60349297523499, 503.8710374098558], [125.07540053129196, 503.70431845364345, 125.19812196493149, 492.40986865749903, 202.0956506729126, 493.2459490331589, 201.97292923927307, 504.54039882930334], [105.546875, 503.7707390648567, 105.546875, 491.70437405731525, 125.90234375, 491.70437405731525, 125.90234375, 503.7707390648567], [246.30948674678802, 487.2952054169023, 286.3713856935501, 486.3178143853695, 286.7662845849991, 502.51312025711724, 246.704385638237, 503.49051128865005], [187.5646184682846, 425.28762932456635, 187.74315583705902, 411.71536222662144, 254.19444239139557, 412.59001534808635, 254.01590502262115, 426.16228244603127], [116.1015625, 424.58521870286575, 116.1015625, 411.0105580693816, 180.9375, 411.0105580693816, 180.9375, 424.58521870286575], [249.54296875, 352.94117647058823, 249.54296875, 339.3665158371041, 287.23828125, 339.3665158371041, 287.23828125, 352.94117647058823], [107.65002679824829, 330.5205148089885, 179.19324052333832, 328.7960184825132, 179.53731608390808, 343.0801782852564, 107.99410235881805, 344.8046746117317], [385.93226623535156, 326.57378183770504, 475.63983964920044, 325.7653652093349, 475.73490619659424, 336.32256002987134, 386.02733278274536, 337.1309766582414], [183.57251369953156, 326.8327209564715, 267.9654713869095, 323.45590260593417, 268.5941253900528, 339.17733447044685, 184.20116770267487, 342.55415282098414], [584.1555426120758, 325.94851670761454, 659.5621807575226, 323.40589152202347, 660.1083762645721, 339.6143618392369, 584.7017381191254, 342.15698702482797], [494.45068407058716, 328.05763578342993, 575.0923323631287, 325.66156862008626, 575.3417325019836, 334.0617736540229, 494.70008420944214, 336.4578408173666], [267.6366957426071, 338.6123680241327, 267.6366957426071, 324.28355957767724, 304.5781019926071, 324.28355957767724, 304.5781019926071, 338.6123680241327], [356.59765625, 339.3665158371041, 356.59765625, 323.52941176470586, 376.953125, 323.52941176470586, 376.953125, 339.3665158371041], [309.85546875, 340.1206636500754, 309.85546875, 323.52941176470586, 351.3203125, 323.52941176470586, 351.3203125, 340.1206636500754], [711.894106388092, 336.4724551930147, 712.954195022583, 321.626827188207, 742.421603679657, 323.73230993118403, 741.361515045166, 338.5779379359917], [663.4375, 339.3665158371041, 663.4375, 320.5128205128205, 707.1640625, 320.5128205128205, 707.1640625, 339.3665158371041], [566.9375, 308.446455505279, 566.9375, 294.87179487179486, 623.48046875, 294.87179487179486, 623.48046875, 308.446455505279], [383.73828125, 308.446455505279, 383.73828125, 295.6259426847662, 459.12890625, 295.6259426847662, 459.12890625, 308.446455505279], [321.04191625118256, 307.6037468773567, 321.25257194042206, 294.74958647070605, 377.06372153759, 295.6648376372785, 376.8530658483505, 308.5189980439291], [213.35542273521423, 307.6923076923077, 213.35542273521423, 294.87179487179486, 310.60932898521423, 294.87179487179486, 310.60932898521423, 307.6923076923077], [619.7109375, 309.2006033182504, 619.7109375, 293.36349924585215, 667.20703125, 293.36349924585215, 667.20703125, 309.2006033182504], [674.4891471862793, 306.0016890996182, 674.8950896263123, 291.9906685255232, 740.5826687812805, 293.89527840132445, 740.1767263412476, 