{"rec_texts": ["direct", "account", "representative", "sales", "order", "taken", "by", "urchaser", "retail", "signature", "of", "e", "menthol", "satin", "1100s", "satin", "r100s", "nfilters", "brand", "cartons", "no", "of", "deliveryl", "date", "state", "zip", "civy", "address", "to", "please", "sship", "taccounts", "direct", "1982", "nioos", "isatini", "hsainy", "new", "isainb"], "rec_scores": [0.9958833654721578, 0.9976540803909302, 0.923178745167596, 0.9899303436279296, 0.9983511567115784, 0.998349130153656, 0.9937085807323456, 0.7534476779401302, 0.9802680611610413, 0.9998297691345215, 0.7444680631160736, 0.3456595838069916, 0.9999794108527047, 0.9068346381187439, 0.9044820308685303, 0.9984803676605225, 0.6359184205532074, 0.8471005111932755, 0.9999981880187988, 0.9995716043881008, 0.9882270693778992, 0.7824699282646179, 0.9385881490177579, 0.8916823714971542, 0.9801404356956482, 0.997582733631134, 0.7637458071112633, 0.9999916553497314, 0.9951080977916718, 0.9999396403630575, 0.6358770608901978, 0.7464389271206326, 0.9986165265242258, 0.9281202405691147, 0.8280165135860443, 0.9884580373764038, 0.5309302012125651, 0.9999996821085612, 0.7476849307616552], "det_polygons": [[517.4135563373566, 859.6777677174222, 565.2291233539581, 858.8240164726384, 565.3778800964355, 867.1538797242507, 517.562313079834, 868.0076309690345], [568.3330078125, 866.4643399089529, 568.3330078125, 858.8770864946888, 629.0361328125, 858.8770864946888, 629.0361328125, 866.4643399089529], [425.6437527537346, 843.7123045393114, 493.13818806409836, 842.8893024172514, 493.23109155893326, 850.5032297693, 425.7366562485695, 851.32623189136], [398.3642578125, 852.8072837632776, 398.3642578125, 841.4264036418816, 424.921875, 841.4264036418816, 424.921875, 852.8072837632776], [398.3642578125, 832.3216995447647, 424.1630859375, 832.3216995447647, 424.1630859375, 841.4264036418816, 398.3642578125, 841.4264036418816], [427.1982421875, 840.6676783004551, 427.1982421875, 831.5629742033383, 452.9970703125, 831.5629742033383, 452.9970703125, 840.6676783004551], [455.2734375, 841.4264036418816, 455.2734375, 830.8042488619119, 468.1728515625, 830.8042488619119, 468.1728515625, 841.4264036418816], [425.60744351148605, 815.7143021208743, 425.76787108182907, 807.2138368088486, 472.0518735051155, 808.0870377999336, 471.8914459347725, 816.5875031119593], [397.4469400048256, 808.1565011795807, 424.05188888311386, 807.2064273816862, 424.3728366494179, 816.1912839944517, 397.7678877711296, 817.1413577923463], [398.3642578125, 805.0075872534142, 398.3642578125, 796.6616084977237, 441.615234375, 796.6616084977237, 441.615234375, 805.0075872534142], [441.99462890625, 800.8346904934085, 447.685546875, 795.1442504327105, 452.9970703125, 800.4553278226953, 447.30615234375, 806.1457678833933], [700.4101921319962, 748.9088229235821, 716.9911040067673, 748.7361832706989, 717.8615995645523, 832.2976189064871, 701.2806876897812, 832.4702585593702], [612.0893497467041, 655.6502068712064, 662.9469273090363, 653.9264036418816, 663.3065925836563, 664.5363328670334, 612.4490150213242, 666.2601360963581], [573.3952757120132, 654.902503052684, 609.1634917259216, 653.8186890945086, 609.579751253128, 667.5551187286608, 573.8115352392197, 668.638932686836], [666.216796875, 653.2625189681335, 701.8798828125, 653.2625189681335, 701.8798828125, 667.6783004552351, 666.216796875, 667.6783004552351], [572.8857421875, 633.535660091047, 572.8857421875, 619.1198786039453, 609.3076171875, 619.1198786039453, 609.3076171875, 633.535660091047], [646.48828125, 632.7769347496206, 646.48828125, 618.3611532625189, 682.91015625, 618.3611532625189, 682.91015625, 632.7769347496206], [608.548828125, 633.535660091047, 608.548828125, 618.3611532625189, 643.453125, 618.3611532625189, 643.453125, 633.535660091047], [620.689453125, 597.1168437025796, 620.689453125, 583.4597875569043, 679.1162109375, 583.4597875569043, 679.1162109375, 597.1168437025796], [471.10565650463104, 597.3241687363666, 471.25876665115356, 583.3936121105604, 551.7306994199753, 584.2778346245494, 551.5775892734528, 598.2083912503556], [410.5048828125, 599.3930197268588, 410.5048828125, 583.4597875569043, 439.3388671875, 583.4597875569043, 439.3388671875, 599.3930197268588], [441.615234375, 599.3930197268588, 441.615234375, 582.7010622154779, 467.4140625, 582.7010622154779, 467.4140625, 599.3930197268588], [396.087844312191, 567.5265090780301, 396.087844312191, 554.6281782737813, 440.097609937191, 554.6281782737813, 440.097609937191, 567.5265090780301], [441.615234375, 553.8694992412746, 468.931640625, 553.8694992412746, 468.931640625, 566.7678300455235, 441.615234375, 566.7678300455235], [396.087890625, 544.7647951441578, 396.087890625, 530.349013657056, 427.1982421875, 530.349013657056, 427.1982421875, 544.7647951441578], [657.8701171875, 543.2473444613049, 657.8701171875, 529.5902883156297, 676.83984375, 529.5902883156297, 676.83984375, 543.2473444613049], [393.89678531885147, 517.5871089304343, 397.0811614394188, 503.7893662865136, 419.9130057692528, 509.05783947031483, 416.72862964868546, 522.8555821142355], [396.63234400749207, 493.7631609949971, 397.07416820526123, 483.15943716509383, 441.0391956567764, 484.9911401774706, 440.59737145900726, 495.5948640073738], [462.1025390625, 459.78755690440056, 475.7607421875, 459.78755690440056, 475.7607421875, 470.4097116843702, 462.1025390625, 470.4097116843702], [395.8972671031952, 470.25249290176873, 396.24387216567993, 458.122797547776, 433.4158294200897, 459.1847536958222, 433.069224357605, 471.31444904981504], [434.02734375, 472.68588770864943, 434.02734375, 458.27010622154774, 461.34375, 458.27010622154774, 461.34375, 472.68588770864943], [428.7158203125, 446.8892261001517, 428.7158203125, 433.9908952959029, 475.001953125, 433.9908952959029, 475.001953125, 446.8892261001517], [394.5703125, 447.64795144157813, 394.5703125, 433.9908952959029, 429.474609375, 433.9908952959029, 429.474609375, 447.64795144157813], [706.4326171875, 409.71168437025796, 731.47265625, 409.71168437025796, 731.47265625, 421.8512898330804, 706.4326171875, 421.8512898330804], [670.3002435564995, 312.3148106298606, 730.1329656243324, 309.3234396487338, 731.9608395695686, 345.8784968791492, 672.1281175017357, 348.869867860276], [551.4087327718735, 308.70389576566055, 669.0933780670166, 307.5152847220575, 669.5173255205154, 349.48612381004597, 551.8326802253723, 350.67473485364894], [473.6182653307915, 274.88171312624473, 527.3673368096352, 262.9385037921448, 533.3662349581718, 289.9312784892474, 479.61716347932816, 301.87448782334735], [595.104821741581, 270.9735876149943, 673.9714599251747, 263.2799163031107, 676.8527650237083, 292.81120705496016, 597.9861268401146, 300.5048783668437], [412.4100528359413, 267.943733921543, 467.8537099957466, 255.89179124383534, 474.393819630146, 285.9737413606079, 418.95016247034073, 298.0256840383156]], "det_scores": [0.8776671886444092, 0.9070858955383301, 0.8706343173980713, 0.8315752744674683, 0.8566111922264099, 0.8669471144676208, 0.8078403472900391, 0.7679641842842102, 0.8488752841949463, 0.8025977611541748, 0.6829290390014648, 0.8825116753578186, 0.9355766177177429, 0.8671275973320007, 0.8726027011871338, 0.8764167428016663, 0.8454944491386414, 0.8843194842338562, 0.8774768710136414, 0.8837460279464722, 0.8881707191467285, 0.846878170967102, 0.8512693643569946, 0.8776780962944031, 0.8623561263084412, 0.7087076902389526, 0.8439098000526428, 0.8577913641929626, 0.5969153046607971, 0.8445747494697571, 0.892887532711029, 0.7978870868682861, 0.8431958556175232, 0.8473320007324219, 0.9089946150779724, 0.9470003247261047, 0.9300707578659058, 0.9382690191268921, 0.8992222547531128]}