{"rec_texts": ["1of2", "f", "ooffy", "soo", "foes", "sales", "", "e", "pack", "se", "sfs", "limpacte", "promotional", "nnual", "lcalls", "xa", "classified", "calls", "of", "distribution", "in", "lchieved", "retail", "outlets", "accout", "lods", "stores", "idos", "its", "no", "direct", "account", "tands", "x", "ivoids", "chain", "tot", "yuse", "voidy", "vindicate", "distribution", "effectiveness", "presell", "of", "ireport", "bonly", "tone", "jocts", "subject", "harleydavidson", "hoos", "cigarettes", "report", "progress", "128", "jan", "r31", "oct", "froms", "oct", "dec", "26", "rh", "to", "orcutt", "submission", "dates"], "rec_scores": [0.6539833396673203, 0.23513147234916687, 0.4982356607913971, 0.6937432487805685, 0.25716976821422577, 0.9993285059928894, NaN, 0.3587569296360016, 0.5199326798319817, 0.4359077364206314, 0.21655372778574625, 0.8297533579170704, 0.9992461800575256, 0.8341191530227661, 0.8476752837498983, 0.5130108147859573, 0.9767278909683228, 0.9034680008888245, 0.9990669190883636, 0.9913371950387955, 0.9248085916042328, 0.9038826376199722, 0.8877812425295512, 0.9259644789355141, 0.9708170791467031, 0.798530325293541, 0.9992212454477946, 0.5168840475380421, 0.9370123744010925, 0.9270978271961212, 0.9995117584864298, 0.694601024900164, 0.6935361981391907, 0.9992719292640686, 0.8700287938117981, 0.6310545563697815, 0.7271553774674734, 0.7032566070556641, 0.997094738483429, 0.8921873900625441, 0.9629151970148087, 0.9999988720967219, 0.9314763120242527, 0.8634888529777527, 0.8985664376190731, 0.9677839159965516, 0.7676028534770012, 0.7137961655855178, 0.9622704557010106, 0.9998675669942584, 0.8795611262321472, 0.9951879680156708, 0.9429401258627573, 0.999449297785759, 0.7219277123610178, 0.994683583577474, 0.5369600256284078, 0.9993783632914225, 0.960220217704773, 0.9995919466018677, 0.9961408774058024, 0.6205379664897919, 0.904870480298996, 0.9893944263458252, 0.8895499606927236, 0.9972495436668396, 0.7805743992328644], "det_polygons": [[40.869140625, 923.5427706283119, 75.68359375, 923.5427706283119, 75.68359375, 937.9258137774414, 40.869140625, 937.9258137774414], [102.57575213909149, 847.6391546117998, 103.0790314078331, 831.7820269622919, 160.68469062447548, 833.6111410922124, 160.18141135573387, 849.4682687417203], [74.169921875, 848.5995457986375, 74.169921875, 831.9454958364876, 102.9296875, 831.9454958364876, 102.9296875, 848.5995457986375], [41.6259765625, 847.8425435276306, 41.6259765625, 832.7024981074943, 76.4404296875, 832.7024981074943, 76.4404296875, 847.8425435276306], [82.40405227988958, 757.0814180338049, 127.06966586411, 756.1696331939582, 127.34663113951683, 769.7436486474498, 82.68101178109646, 770.6554334872966], [42.16539077460766, 757.0576231015802, 83.0816026777029, 756.1481484493282, 83.39875638484955, 770.423167226533, 42.4825444817543, 771.332641878785], [127.9052734375, 769.8713096139289, 127.9052734375, 754.7312641937926, 159.6923828125, 754.7312641937926, 159.6923828125, 769.8713096139289], [695.5322265625, 837.2445117335352, 695.5322265625, 753.217259651779, 712.1826171875, 753.217259651779, 712.1826171875, 837.2445117335352], [95.9585189819336, 694.0236001372067, 96.32589668035507, 680.4279613278293, 134.11962911486626, 681.4496186896764, 133.75225141644478, 695.0452574990538], [40.08129434660077, 681.7179238769162, 67.44525395333767, 679.229759430001, 68.8038308173418, 694.1774124272569, 41.43987409770489, 696.6655768741721], [68.115234375, 694.1710825132476, 68.115234375, 679.7880393641182, 95.361328125, 679.7880393641182, 95.361328125, 694.1710825132476], [147.45793864130974, 658.5213302392838, 147.69800677895546, 642.6738129701694, 206.7979134619236, 643.5694264968538, 206.55784532427788, 659.4169437659681], [42.231118492782116, 644.3398740596613, 145.92634364962578, 642.5819137076552, 146.18433490395546, 657.8074360687926, 42.48911552131176, 659.5653964207987], [322.32214733958244, 613.2516795987888, 373.0020232498646, 612.3776894279902, 373.1974683701992, 623.7162749574187, 322.51759245991707, 624.5902651282173], [373.1201171875, 626.0408781226344, 373.1201171875, 611.6578349735049, 415.5029296875, 611.6578349735049, 415.5029296875, 626.0408781226344], [306.8213075399399, 616.8054873793528, 317.71976351737976, 611.3551079911052, 323.01761507987976, 621.9531397852006, 312.1191591024399, 627.4035191734482], [323.92578125, 602.5738077214232, 323.92578125, 591.218773656321, 392.7978515625, 591.218773656321, 392.7978515625, 602.5738077214232], [394.3115234375, 602.5738077214232, 394.3115234375, 588.9477668433005, 435.9375, 588.9477668433005, 435.9375, 602.5738077214232], [57.51953125, 574.5647236941711, 57.51953125, 563.9666919000757, 78.7109375, 563.9666919000757, 78.7109375, 574.5647236941711], [82.42547456175089, 563.2485007806587, 180.10131567716599, 562.4275525170326, 180.19023835659027, 573.0120928155753, 82.51440301537514, 573.8330410792014], [258.837890625, 573.0507191521575, 258.837890625, 562.4526873580621, 276.2451171875, 562.4526873580621, 276.2451171875, 573.0507191521575], [183.154296875, 573.8077214231643, 183.154296875, 560.9386828160485, 255.810546875, 560.9386828160485, 255.810546875, 573.8077214231643], [277.00193002820015, 573.0506729484056, 277.00193002820015, 560.1816343412897, 327.70993784070015, 560.1816343412897, 327.70993784070015, 573.0506729484056], [327.68210619688034, 570.7415480400738, 327.8237357735634, 559.4072132558194, 395.8999365568161, 560.2583787731833, 395.75830698013306, 571.5927135574376], [188.35523426532745, 338.390965429244, 253.46155613660812, 337.5560636325464, 253.59773486852646, 348.1814480477621, 188.4914129972458, 349.0163498444597], [551.7333984375, 345.9500378501136, 551.7333984375, 334.5950037850114, 583.5205078125, 334.5950037850114, 583.5205078125, 345.9500378501136], [452.4771183729172, 345.1415877013745, 452.6513606309891, 334.50918031587105, 506.4219117164612, 335.39084030948385, 506.2476694583893, 346.0232476949872], [594.873046875, 345.1930355791068, 594.873046875, 333.83800151400453, 629.6875, 333.83800151400453, 629.6875, 345.1930355791068], [598.6572265625, 329.2959878879637, 598.6572265625, 320.96896290688875, 624.3896484375, 320.96896290688875, 624.3896484375, 329.2959878879637], [467.724609375, 332.32399697199094, 467.724609375, 320.2119606358819, 493.45703125, 320.2119606358819, 493.45703125, 332.32399697199094], [40.7272107899189, 295.3247024108748, 93.78130491822958, 294.4097757158994, 94.01364140212536, 307.8882418104774, 40.95954727381468, 308.8031685054528], [96.04428894817829, 293.2519558972251, 166.46696291863918, 292.3489035664861, 166.63884930312634, 305.7592191270226, 96.21617533266544, 306.6622714577617], [167.77062714099884, 293.11948974054934, 201.13524794578552, 292.00708820998534, 201.5921950340271, 305.7188370478686, 168.22757422924042, 306.83123857843253], [336.03515625, 292.9598788796367, 347.3876953125, 292.9598788796367, 347.3876953125, 302.8009084027252, 336.03515625, 302.8009084027252], [251.88866406679153, 293.02447172478236, 296.53884321451187, 292.1130565149508, 296.77105844020844, 303.4942419036242, 252.1208792924881, 304.40565711345573], [203.46596911549568, 292.23625881937215, 248.8726608455181, 291.30936535265664, 249.1363801062107, 304.2348187408332, 203.72968837618828, 305.16171220754876], [347.3876953125, 291.445874337623, 370.849609375, 291.445874337623, 370.849609375, 303.557910673732, 347.3876953125, 303.557910673732], [298.193359375, 305.07191521574566, 298.193359375, 290.6888720666162, 336.03515625, 290.6888720666162, 336.03515625, 305.07191521574566], [454.8583984375, 302.8009084027252, 454.8583984375, 289.9318697956094, 497.2412109375, 289.9318697956094, 497.2412109375, 302.8009084027252], [371.6064453125, 302.8009084027252, 371.6064453125, 289.9318697956094, 437.451171875, 289.9318697956094, 437.451171875, 302.8009084027252], [41.5627115406096, 202.86505769185277, 141.44992977380753, 201.19992067739875, 141.62836410105228, 211.9085180497729, 41.74114875495434, 213.57365506422693], 