{"rec_texts": ["tatulli", "mastandrea", "giacoio", "gordon", "mccann", "smith", "orlowsky", "achey", "goldbrenner", "peterson", "ruffalo", "jones", "orcutt", "ryan", "later", "tisch", "telford", "kersh", "e", "comments", "sother", "widespreadz", "how", "attachmentsi", "isee", "promotion", "sweepstakes", "carton", "promotions", "f", "sype", "promoted", "arait", "marlboro", "cigarettes", "manufacturer", "morris", "philip", "short", "informations", "martst", "food", "stop", "ky", "louisvillea", "of", "source", "dated", "4126191", "manager", "thurman", "reported", "division", "val", "ys", "ky", "louisvilley", "actities", "compettive", "proroers", "snd"], "rec_scores": [0.9992377076830182, 0.9976105630397797, 0.9974754197256905, 0.8658622999986013, 0.9903902510801951, 0.8787735104560852, 0.9968963339924812, 0.9989890217781067, 0.9981518333608453, 0.9999788552522659, 0.9890653491020203, 0.9945220112800598, 0.9940216541290283, 0.9728595316410065, 0.9492006421089172, 0.9379308104515076, 0.9995248488017491, 0.7542598247528076, 0.641837477684021, 0.944642648100853, 0.6925694048404694, 0.8938536562702872, 0.9982420007387797, 0.9405358086029688, 0.9573885351419449, 0.9999209774865044, 0.9999381303787231, 0.9999878406524658, 0.919218111038208, 0.27319857478141785, 0.6841893568634987, 0.9810178279876709, 0.30796610116958617, 0.9617808610200882, 0.9994972527027131, 0.9987493356068929, 0.9965615272521973, 0.9998111029465994, 0.9342426896095276, 0.9314966922005018, 0.8250992546478907, 0.8922208696603775, 0.9950858950614929, 0.9999256730079651, 0.9581139196049083, 0.9965576529502869, 0.991970161596934, 0.8898813724517822, 0.985285895211356, 0.9869866626603263, 0.9992214356149945, 0.9866739884018898, 0.999905064702034, 0.9998060862223307, 0.4292057454586029, 0.9999960064888, 0.9536162587729368, 0.8268888965249062, 0.8539338350296021, 0.5099824070930481, 0.5348529120286306], "det_polygons": [[279.603515625, 888.8018794048552, 279.603515625, 877.8386844166014, 328.9453125, 877.8386844166014, 328.9453125, 888.8018794048552], [124.52927297353745, 876.2724181125196, 124.52927297353745, 865.3092231242658, 206.76560109853745, 865.3092231242658, 206.76560109853745, 876.2724181125196], [281.953125, 875.4894283476899, 281.953125, 864.5262333594362, 332.078125, 864.5262333594362, 332.078125, 875.4894283476899], [111.85900011658669, 852.736650077085, 164.37483951449394, 851.7071299004014, 164.60931286215782, 863.6637114881069, 112.09347346425056, 864.6932316647906], [280.38671875, 862.1769772905246, 280.38671875, 851.2137823022709, 332.078125, 851.2137823022709, 332.078125, 862.1769772905246], [402.56640625, 862.9600626468285, 402.56640625, 851.2137823022709, 443.29296875, 851.2137823022709, 443.29296875, 862.9600626468285], [126.87890625, 848.8645262333595, 126.87890625, 840.2505873140173, 192.66796875, 840.2505873140173, 192.66796875, 848.8645262333595], [279.60349172353745, 848.0813452855815, 279.60349172353745, 839.4674063662393, 321.11325734853745, 839.4674063662393, 321.11325734853745, 848.0813452855815], [405.66307973861694, 838.6993288713783, 497.26103711128235, 837.8512413126468, 497.35549569129944, 848.0521898859632, 405.75753831863403, 848.9002774446947], [127.662109375, 836.3351605324981, 127.662109375, 827.7212216131559, 192.66796875, 827.7212216131559, 192.66796875, 836.3351605324981], [283.3698124885559, 826.2884010069988, 337.35279536247253, 824.5188116373826, 337.66059839725494, 833.9057032167678, 283.6776155233383, 835.6752925863841], [403.2444429397583, 824.6623900315682, 445.5333962440491, 823.7015045333301, 445.7836923599243, 834.7124952586629, 403.49473905563354, 835.673380756901], [128.44530054926872, 823.0226138838586, 128.44530054926872, 814.4086749645164, 176.22069117426872, 814.4086749645164, 176.22069117426872, 823.0226138838586], [284.302734375, 823.0227094753328, 284.302734375, 812.0595144870791, 317.98046875, 812.0595144870791, 317.98046875, 823.0227094753328], [401.783203125, 822.239624119029, 401.783203125, 810.4933437744714, 450.341796875, 810.4933437744714, 450.341796875, 822.239624119029], [127.51029923558235, 801.9212739208106, 164.33714690804482, 801.0232876125685, 164.54762318730354, 809.6511828871378, 127.72077551484108, 810.5491691953798], [284.9698480963707, 798.0442749119029, 338.9958536028862, 797.1439944082812, 339.1916065812111, 808.8870246427173, 285.1656010746956, 809.7873051463391], [401.0, 808.14408770556, 401.0, 797.1808927173062, 447.208984375, 797.1808927173062, 447.208984375, 808.14408770556], [662.1343774795532, 759.4297165598082, 665.0960555076599, 694.2834577806872, 674.617250919342, 694.7162003842012, 671.6555728912354, 759.8624591633222], [114.34765625, 617.0712607674236, 114.34765625, 606.1080657791699, 186.40234375, 606.1080657791699, 186.40234375, 617.0712607674236], [71.15421184897423, 605.4126856004062, 112.59331279993057, 604.5119271394137, 112.86559826135635, 617.0353661688773, 71.42649731040001, 617.9361246298698], [101.78470095992088, 554.4487124975528, 185.57871130108833, 553.5938379441562, 185.66669258475304, 562.2148506325861, 101.87268224358559, 563.0697251859827], [69.705078125, 564.6045418950665, 69.705078125, 552.858261550509, 99.466796875, 552.858261550509, 99.466796875, 564.6045418950665], [334.427734375, 449.4909945184025, 334.427734375, 441.66014095536417, 432.328125, 441.66014095536417, 432.328125, 449.4909945184025], [293.701171875, 451.840250587314, 293.701171875, 439.31088488645264, 328.162109375, 439.31088488645264, 328.162109375, 451.840250587314], [325.75386971235275, 428.26194434587904, 325.84684640169144, 419.7086104211531, 402.6171729564667, 420.5429328076057, 402.5242440700531, 429.0962667323316], [411.11782371997833, 418.97972543069693, 503.570879817009, 418.1393807813724, 503.66342628002167, 428.3186300900548, 411.210370182991, 429.1589747393794], [265.3724892139435, 419.8483173606353, 317.8923679590225, 418.0057916962363, 318.2983103990555, 429.57293361822144, 265.77843165397644, 431.4154592826204], [120.61328125, 431.48003132341427, 120.61328125, 417.3844949099452, 198.150390625, 417.3844949099452, 198.150390625, 431.48003132341427], [101.033203125, 431.48003132341427, 101.033203125, 418.16758026624905, 119.046875, 418.16758026624905, 119.046875, 431.48003132341427], [65.7890625, 416.60140955364136, 101.033203125, 416.60140955364136, 101.033203125, 433.8292873923258, 65.7890625, 433.8292873923258], [128.37847205996513, 367.3355472956025, 198.84634146094322, 366.4657126765001, 198.98145642876625, 377.4079253361761, 128.51358702778816, 378.2777599552785], [67.95889702439308, 380.64503501706884, 68.20903778076172, 366.38904831422525, 126.24440607428551, 367.4070497182728, 125.99426531791687, 381.6630364211164], [239.61197090148926, 371.9552920587192, 239.72856223583221, 362.5113801649985, 309.4423404932022, 363.3718946153705, 309.32574915885925, 372.81580650909115], [317.87119126319885, 364.1525423890833, 400.9044897556305, 362.4921184829557, 401.06171357631683, 370.3511715308707, 318.0284150838852, 372.01159543699833], [69.65844637155533, 324.95322709169443, 69.73201507329941, 316.3466009201253, 166.0790496468544, 317.1699780827868, 166.00548094511032, 325.7766042543559], [263.0375075340271, 325.670927879674, 263.310271024704, 311.4902672584671, 317.33130502700806, 312.5289642166699, 317.0585415363312, 326.70962483787685], [205.01192688941956, 313.3781271794856, 259.68637907505035, 311.4600364547646, 260.20207703113556, 326.15569614299875, 205.52762484550476, 328.0737868677198], [213.63077038526535, 275.52980618637434, 213.96534305810928, 261.47953233591915, 259.4212879538536, 262.56167561912685, 259.0867152810097, 276.61194946958204], [67.29484269022942, 264.70622254612863, 152.70155641436577, 263.8771576907547, 152.78518763184547, 272.4902840825666, 67.37847390770912, 273.3193489379405], [346.77738106250763, 261.86737084444746, 396.1620571613312, 260.87981532491926, 396.4558061361313, 275.56462538083645, 347.07113003730774, 276.55218090036465], [305.44921875, 276.4291307752545, 