{"rec_texts": ["o", "statully", "j", "s", "th", "f", "giacoio", "mastandrea", "p", "simeonidis", "j", "gordon", "mccann", "goldbrenner", "l", "orlowsky", "l", "m", "achey", "jones", "pa", "peterson", "ma", "ruffalo", "r", "orcutt", "h", "slater", "ryn", "lisch", "h", "keash", "elford", "lcc", "e", "commentst", "sother", "ywidespread", "hhow", "promotons", "of", "type", "attachments", "see", "promoted", "cigarettes", "kool", "bbrandish", "mmanufacturers", "brown", "williamson", "dater", "1991", "27", "septa", "reported", "y", "atlantai", "ga", "accounts", "chain", "manageri", "everett", "prlhotions", "and", "actites", "cohpetive"], "rec_scores": [0.22158615291118622, 0.8858998641371727, 0.7709079384803772, 0.30402249097824097, 0.5655646324157715, 0.9900526404380798, 0.9914745603288923, 0.9991387128829956, 0.9958617091178894, 0.9148052990436554, 0.9886721968650818, 0.9989953339099884, 0.9916080435117086, 0.9997189966115084, 0.9999405145645142, 0.9669949933886528, 0.99989914894104, 0.998437225818634, 0.9121976017951965, 0.9998948454856873, 0.6526188999414444, 0.9901562407612801, 0.9997117817401886, 0.9913513149533953, 0.6741584539413452, 0.9553305407365164, 0.9996553659439087, 0.9993780752023061, 0.4898112217585246, 0.7296061992645264, 0.9996102452278137, 0.9439287781715393, 0.9997539420922598, 0.5004292130470276, 0.5930996537208557, 0.7341132991843753, 0.8432072947422663, 0.9897456006570295, 0.9259516596794128, 0.8618819713592529, 0.40735743939876556, 0.9329347759485245, 0.9999883283268322, 0.9999258319536845, 0.7739274837076664, 0.9999087631702424, 0.9953940808773041, 0.8570711612701416, 0.9377329370805195, 0.9999815940856933, 0.9999745726585388, 0.8757136940956116, 0.9772467315196991, 0.7634520828723907, 0.8995583057403564, 0.9341575540602207, 0.622281014919281, 0.9514837861061096, 0.9999826550483704, 0.999993309378624, 0.9999988794326782, 0.9650048837065697, 0.9999920300074986, 0.5194380775094032, 0.5942669709523519, 0.5834667640072959, 0.6365862836440405], "det_polygons": [[285.5558641552925, 880.3446149116583, 290.2550829052925, 877.9953588427467, 292.29139190912247, 882.0673644589369, 287.59217315912247, 884.4166205278485], [310.6749628186226, 871.820149612128, 360.699194252491, 869.9327915463489, 361.22818142175674, 883.949178219215, 311.20394998788834, 885.8365362849942], [296.05078125, 884.8864526233359, 296.05078125, 873.9232576350822, 309.365234375, 873.9232576350822, 309.365234375, 884.8864526233359], [295.267578125, 866.0924996635181, 300.906650185585, 854.8161470059221, 310.931640625, 859.8278168130873, 305.292568564415, 871.1041694706832], [436.91510248184204, 867.5602111577427, 437.25784945487976, 853.5113233836629, 478.7047064304352, 854.5221076314115, 478.36195945739746, 868.5709954054914], [421.36328125, 866.8754894283477, 421.36328125, 856.6953797963978, 434.677734375, 856.6953797963978, 434.677734375, 866.8754894283477], [313.07333117723465, 854.4478330559906, 366.4260324835777, 853.4951684245302, 366.67718905210495, 867.5582037367855, 313.32448774576187, 868.510868368246], [153.30584514141083, 867.5761749339272, 153.54039019346237, 855.8501599818911, 238.23340624570847, 857.5438497210258, 237.99886119365692, 869.2698646730619], [139.41015625, 867.6585747846516, 139.41015625, 856.6953797963978, 151.158203125, 856.6953797963978, 151.158203125, 867.6585747846516], [424.4960459470749, 850.430601354493, 424.4960459470749, 839.4674063662393, 496.5507334470749, 839.4674063662393, 496.5507334470749, 850.430601354493], [302.31640625, 849.6476115896633, 302.31640625, 841.033672670321, 307.798828125, 841.033672670321, 307.798828125, 849.6476115896633], [140.193359375, 852.7799530148786, 140.193359375, 838.6844166014096, 195.017578125, 838.6844166014096, 195.017578125, 852.7799530148786], [313.89152604341507, 839.5287760926489, 365.7247157692909, 838.5690376921007, 365.942744910717, 850.3403630028877, 314.10955518484116, 851.3001014034357], [440.16015625, 832.4197337509788, 440.16015625, 823.8057948316367, 532.578125, 823.8057948316367, 532.578125, 832.4197337509788], [298.400390625, 833.2028191072827, 298.400390625, 823.8057948316367, 307.798828125, 823.8057948316367, 307.798828125, 833.2028191072827], [155.857421875, 834.7689898198904, 155.857421875, 821.4565387627251, 224.779296875, 821.4565387627251, 224.779296875, 834.7689898198904], [141.759765625, 823.8057948316367, 152.724609375, 823.8057948316367, 152.724609375, 833.2028191072827, 141.759765625, 833.2028191072827], [127.0355683863163, 830.5405009605031, 131.2648604810238, 822.083140875832, 140.97657445073128, 826.9382318483262, 136.7472823560238, 835.3955919329973], [311.71484375, 834.7689898198904, 311.71484375, 820.6734534064213, 357.140625, 820.6734534064213, 357.140625, 834.7689898198904], [437.810546875, 816.7580266249021, 437.810546875, 805.0117462803446, 480.103515625, 805.0117462803446, 480.103515625, 816.7580266249021], [301.9248524904251, 811.6680674004014, 307.0156728029251, 806.5780125844265, 312.8896962404251, 812.4511527567051, 307.7988759279251, 817.5412075726802], [156.640625, 816.7580266249021, 156.640625, 805.7948316366484, 223.99609375, 805.7948316366484, 223.99609375, 816.7580266249021], [126.87890625, 805.7948316366484, 155.07421875, 805.7948316366484, 155.07421875, 816.7580266249021, 126.87890625, 816.7580266249021], [315.5674965977669, 805.0642259996574, 371.9814972281456, 804.1394740786511, 372.18814927339554, 816.7424452146143, 315.7741486430168, 817.6671971356207], [422.5381337404251, 796.0063602743246, 428.8037587404251, 789.7416774238939, 434.2861806154251, 795.2232749180208, 428.0205556154251, 801.4879577684515], [158.20703125, 799.5301487862178, 158.20703125, 787.7838684416602, 208.33203125, 787.7838684416602, 208.33203125, 799.5301487862178], [140.9765625, 798.7470634299139, 140.9765625, 789.3500391542678, 154.291015625, 789.3500391542678, 154.291015625, 798.7470634299139], [437.6875499486923, 787.1129118845439, 484.70794117450714, 786.1726741447239, 484.94246232509613, 797.8985935052858, 437.9220710992813, 798.8388312451058], [315.630859375, 801.0963194988254, 315.630859375, 785.4346123727487, 353.224609375, 785.4346123727487, 353.224609375, 801.0963194988254], [155.6451290845871, 769.1126549346614, 197.14853692054749, 768.0752006656226, 197.50074887275696, 782.1619426634691, 155.99734103679657, 783.1993969325079], [141.759765625, 782.3022709475333, 141.759765625, 770.5559906029757, 152.724609375, 770.5559906029757, 152.724609375, 782.3022709475333], [438.4285430908203, 769.843069388704, 481.60185050964355, 768.9246265049921, 481.83503317832947, 779.8828507365897, 438.6617257595062, 780.8012936203015], [316.3231652379036, 768.2344560615701, 372.72421127557755, 767.2946006876468, 372.96021431684494, 781.4514112360513, 316.559168279171, 782.3912666099745], [99.52775157988071, 751.1708521712266, 123.85886085033417, 749.6503741832664, 124.84928965568542, 765.4949477994078, 100.51817440986633, 767.0154257873679], [711.534828543663, 787.503976605325, 714.6286338567734, 722.5433564690192, 726.0523856878281, 723.0872719569793, 722.9585803747177, 788.0478920932851], [144.892578125, 611.5896632732968, 144.892578125, 597.4941268598277, 219.296875, 597.4941268598277, 219.296875, 611.5896632732968], [98.48025803267956, 611.341412214908, 98.80806659162045, 596.5919345267228, 144.35058856010437, 597.6038658721614, 144.02278000116348, 612.3533435603465], [130.71911838650703, 540.0775380683486, 130.83463415503502, 528.528176160557, 218.5994303226471, 529.4057058933291, 218.48389065265656, 540.9550678011208], [101.033203125, 541.1119812059515, 101.033203125, 528.5826155050901, 130.794921875, 528.5826155050901, 130.794921875, 541.1119812059515], [153.5078125, 420.5168363351605, 153.5078125, 409.55364134690683, 231.044921875, 409.55364134690683, 231.044921875, 420.5168363351605], [133.14453125, 407.98747063429914, 151.94140625, 407.98747063429914, 151.94140625, 421.29992169146436, 133.14453125, 421.29992169146436], [97.900390625, 422.0830070477682, 97.900390625, 