{"rec_texts": ["redemption", "est", "bnumbers", "jobi", "ci", "i", "code", "assigned", "2ly0", "for", "control", "use", "fonly", "analytical", "requirements", "date", "vinitiated", "8106193", "signature", "initiator", "of", "advertising", "heme", "reatives", "kands", "pack", "oricarton", "pack", "coupon", "vvalues", "sso", "geographical", "aey", "national", "circulation", "2852100", "mecs", "coupone", "xrations", "idate", "b13o194", "couponi", "dissued", "ate", "10111196", "spaceicolor", "issuei", "frequencyiyears", "s", "oct", "dec", "media", "coupon", "brandsisi", "applicable", "harleydavidson", "harleydavidson", "cpns", "dts", "deert", "lund", "cc", "l", "baylies", "giordano", "lindsley", "v", "schneff", "rapisarldi", "discental", "vince", "toi", "elositor", "m", "from", "borsini", "coupon", "sooded", "registration", "lform"], "rec_scores": [0.9999646365642547, 0.999971071879069, 0.79075538367033, 0.9645048677921295, 0.45881232619285583, 0.3359438478946686, 0.9999108016490936, 0.8885678425431252, 0.6007181741297245, 0.9965473810831705, 0.9999550921576363, 0.892578919728597, 0.7456446826457978, 0.9997994899749756, 0.9807456880807877, 0.9908714592456818, 0.9249982565641404, 0.6570581580911364, 0.9999936686621772, 0.9929279685020447, 0.6031136214733124, 0.9999867244200273, 0.9408373087644577, 0.5919495932757854, 0.8818423509597778, 0.9995002150535583, 0.9453413221571181, 0.999992698431015, 0.9978354871273041, 0.8207028125013623, 0.8271870613098145, 0.9999719510475794, 0.28314175208409625, 0.9999945312738419, 0.9913643219254233, 0.8916098901203701, 0.5192310437560081, 0.9985069121633258, 0.8188373856246471, 0.9635088324546814, 0.7421689970152718, 0.9995521988187518, 0.6261023304292134, 0.9820486505826315, 0.799855075776577, 0.9999537197026339, 0.8216813157002131, 0.8491875112056733, 0.22235800325870514, 0.9824569821357727, 0.9998527566591898, 0.999997901916504, 0.9991499781608582, 0.9629578722847832, 0.976734060049057, 0.9988111683300563, 0.9930642119475773, 0.5184295699000359, 0.7622533043225607, 0.8956707239151, 0.9860955625772476, 0.9969078600406647, 0.9940333962440491, 0.9999733311789376, 0.9952917471528053, 0.9999697357416153, 0.9912891387939453, 0.9974156618118286, 0.986825293302536, 0.8630537688732147, 0.9999719619750976, 0.8734622597694397, 0.8735942095518112, 0.9994468092918396, 0.9979403913021088, 0.9995430197034564, 0.9996756017208099, 0.7226758201917013, 0.9244748651981354, 0.7484996080398559], "det_polygons": [[356.74039804935455, 818.0552045036766, 442.99954146146774, 817.2094247855393, 443.10737574100494, 828.2118374693629, 356.84823232889175, 829.0576171875001], [324.650390625, 830.5882352941178, 324.650390625, 817.2549019607844, 353.6650390625, 817.2549019607844, 353.6650390625, 830.5882352941178], [352.0252448618412, 801.6299498314952, 412.3807324767113, 800.7012580422795, 412.5497350692749, 811.6911764705883, 352.1942713856697, 812.619868259804], [322.770111143589, 801.6124770220589, 350.3604664206505, 800.5085784313726, 350.86780923604965, 813.1941253063726, 323.2774539589882, 814.2980238970589], [578.473953306675, 816.0913564644609, 580.4472296833992, 794.3812710631129, 617.0723075270653, 797.7113013174021, 615.099031150341, 819.4213388480393], [737.5905882120132, 786.0558842677697, 749.0153740644455, 785.7148533241423, 751.0054023265839, 852.392386642157, 739.5806164741516, 852.7334175857844], [323.8662109375, 796.8627450980393, 323.8662109375, 785.0980392156864, 362.291015625, 785.0980392156864, 362.291015625, 796.8627450980393], [363.80179637670517, 795.2546721813726, 363.9465326666832, 783.5304649203432, 434.5119354724884, 784.4018075980393, 434.3671991825104, 796.1260148590687], [565.3935546875, 793.7254901960786, 565.3935546875, 774.1176470588236, 619.501953125, 774.1176470588236, 619.501953125, 793.7254901960786], [321.87910228967667, 753.504997702206, 351.0772078037262, 752.2352749693629, 351.61432111263275, 764.5904181985295, 322.4162155985832, 765.8601409313726], [354.44921875, 763.1372549019609, 354.44921875, 752.1568627450981, 415.615234375, 752.1568627450981, 415.615234375, 763.1372549019609], [418.751953125, 763.1372549019609, 418.751953125, 750.5882352941178, 448.55078125, 750.5882352941178, 448.55078125, 763.1372549019609], [448.55073338747025, 763.921568627451, 448.55073338747025, 749.8039215686275, 490.11225682497025, 749.8039215686275, 490.11225682497025, 763.921568627451], [105.7102122604847, 725.5737304687501, 184.85057017207146, 722.9352883731618, 185.21959027647972, 734.0079752604167, 106.07923236489296, 736.646417356005], [188.05916647613049, 724.0535960477943, 292.37127834558487, 721.6083601409315, 292.5716308951378, 730.1575903799021, 188.25950706005096, 732.6028262867648], [104.2958984375, 705.0980392156864, 104.2958984375, 690.1960784313726, 141.9365234375, 690.1960784313726, 141.9365234375, 705.0980392156864], [143.5048828125, 701.9607843137255, 143.5048828125, 690.1960784313726, 205.455078125, 690.1960784313726, 205.455078125, 701.9607843137255], [322.14595982432365, 687.1303423713236, 367.6409695446491, 686.1411420036766, 367.9313993752003, 699.5022403492648, 322.4363896548748, 700.4914407169118], [107.3592319637537, 659.645565257353, 179.53068588674068, 658.7963388480393, 179.65048579871655, 668.9817899816177, 107.47903187572956, 669.8310163909315], [203.88671875, 669.0196078431374, 203.88671875, 658.0392156862746, 266.62109375, 658.0392156862746, 266.62109375, 669.0196078431374], [181.9296875, 669.8039215686275, 181.9296875, 657.2549019607844, 202.318359375, 657.2549019607844, 202.318359375, 669.8039215686275], [105.00275620818138, 625.9141390931374, 190.5243141055107, 625.0672104779412, 190.6330099105835, 636.0465494791667, 105.11145201325417, 636.8934780943629], [260.2114394903183, 623.6718750000001, 306.5074765086174, 622.642941942402, 306.78574925661087, 635.1683134191177, 260.48971223831177, 636.1972464767158], [193.59254157543182, 623.4977692248775, 258.69967755675316, 622.5805664062501, 258.8889499306679, 636.0217045802697, 193.78181394934654, 636.9389073988972], [141.15234375, 605.4901960784315, 141.15234375, 592.9411764705883, 169.3828125, 592.9411764705883, 169.3828125, 605.4901960784315], [103.36899268627167, 593.7911688112746, 140.15869370102882, 592.8228400735295, 140.49353995919228, 605.5487898284315, 103.70383894443512, 606.5171185661766], [173.2073875963688, 592.995174632353, 249.32489171624184, 592.1398207720589, 249.44804200530052, 603.1011603860295, 173.33053788542747, 603.9565142463236], [319.9453125, 603.921568627451, 319.9453125, 589.0196078431374, 357.5859375, 589.0196078431374, 357.5859375, 603.921568627451], [102.51999516785145, 560.1849724264706, 160.60320918262005, 559.0677657781863, 160.88672287762165, 573.8134765625001, 102.80350886285305, 574.9306832107844], [162.12145648896694, 559.2542221966912, 206.11701691150665, 558.2976696537991, 206.40778177976608, 571.6758099724266, 162.4122333228588, 572.6323625153187], [318.15223854780197, 558.0780867034315, 347.244520008564, 556.9589652267158, 347.68815779685974, 568.4954235600491, 318.5958763360977, 569.6145450367648], [104.2025784701109, 531.0088273590687, 203.007149040699, 529.3195657169118, 203.15480494499207, 537.9579312193628, 104.35022240877151, 539.6471928615197], [207.69310608506203, 539.518612132353, 207.94337925314903, 526.0010723039217, 259.6960318386555, 526.9596354166667, 259.44575867056847, 540.4771752450981], [319.87055122852325, 526.3077799479167, 384.15050303936005, 525.4270546109069, 384.3014614582062, 536.4483283547795, 320.0215096473694, 537.3290536917893], [104.98727267980576, 482.37031824448536, 188.8926565349102, 480.7085343903187, 189.0484969317913, 488.5796281403187, 105.14311307668686, 490.24141199448536], [329.99555829167366, 478.07645909926475, 380.2275225818157, 476.9842409620099, 380.4786572754383, 488.5388901654412, 330.24669298529625, 489.63110830269613], [430.6980576515198, 475.7753619025736, 489.04267287254333, 471.0117474724265, 490.6220406293869, 490.3626206341912, 432.27742540836334, 