{"rec_texts": ["sed", "numbers", "phonei", "beeper", "rnumbers", "9229206", "k201", "c2o1", "f941160", "jerone", "curry", "name", "allways", "f", "supervisor", "informatione", "supervisor", "e", "jpremiums", "tracings", "sonly", "gcr", "sampling", "premiums", "imusics", "van", "3", "bootist", "fo", "ignage", "eboxs", "tapplicabled", "checka", "specifics", "saturdaysunday", "lopt", "ia", "mondayfriday", "hours", "datest", "event", "june", "h", "1995", "location", "event", "streets", "sich", "and", "ny", "yorke", "new", "tnames", "event", "sprins", "the", "uso", "festival", "general", "informatione", "special", "event", "information", "sheet", "pleasure", "newport"], "rec_scores": [0.42834122975667316, 0.5660268025738853, 0.8991386493047079, 0.8441591064135233, 0.8913794383406639, 0.585232926266534, 0.8338238149881363, 0.5304806493222713, 0.425869813987187, 0.855931301911672, 0.9866780400276184, 0.9485105574131012, 0.958037793636322, 0.40920111536979675, 0.9998356461524963, 0.960147812962532, 0.9998601675033569, 0.7353560328483582, 0.9577542675866021, 0.8617078438401222, 0.9989527463912964, 0.6518110632896423, 0.9823675826191902, 0.8715344369411469, 0.6662689958299909, 0.3245050112406413, 0.2768159508705139, 0.6546546412365777, 0.4867541939020157, 0.9925741751988729, 0.6324964463710785, 0.859887421131134, 0.9027784864107767, 0.9999540580643548, 0.9946756958961487, 0.517689622938633, 0.5519209206104279, 0.972962369521459, 0.9999487638473511, 0.8108842025200526, 0.9997796416282654, 0.9823059141635895, 0.24601653218269348, 0.8714946210384369, 0.9991524592041969, 0.9957348704338074, 0.9955541661807469, 0.6518010348081589, 0.5556757648785909, 0.8981368243694305, 0.8814384579658509, 0.8855982820192972, 0.7126165280739466, 0.9980794191360474, 0.9291307131449381, 0.9992313583691915, 0.9821303486824036, 0.993175595998764, 0.9999967983790806, 0.9631288051605225, 0.9999957936150687, 0.9999984979629517, 0.9999600432135842, 0.999515151977539, 0.9999933838844299, 0.9995140433311462], "det_polygons": [[84.677734375, 901.3254786450661, 98.66796875, 901.3254786450661, 98.66796875, 907.2164948453608, 84.677734375, 907.2164948453608], [203.89478117227554, 845.4195227644053, 259.8305512070656, 844.5454346062684, 260.02645295858383, 857.0837995616255, 204.0906829237938, 857.9578877197624], [158.310546875, 859.3519882179676, 158.310546875, 843.8880706921943, 204.69921875, 843.8880706921943, 204.69921875, 859.3519882179676], [390.25386130809784, 856.4063902280467, 390.25386130809784, 843.1516037773839, 434.43354880809784, 843.1516037773839, 434.43354880809784, 856.4063902280467], [434.29980170726776, 843.2906632570875, 489.560005068779, 842.2671782952871, 489.8048485517502, 855.4901437661082, 434.54464519023895, 856.5136287279087], [315.7786802649498, 844.6737073131443, 367.39135390520096, 843.8411482303939, 367.5677508711815, 854.777138082198, 315.9550772309303, 855.6096971649483], [272.9316325187683, 842.6350072487113, 308.28962910175323, 841.704468312776, 308.63563680648804, 854.8531848306333, 273.2776402235031, 855.7837237665684], [511.748046875, 853.4609720176729, 511.748046875, 842.4153166421207, 546.35546875, 842.4153166421207, 546.35546875, 853.4609720176729], [549.9726177453995, 843.1850427731498, 605.2285965681076, 842.3724392201307, 605.3809496164322, 852.7336738597661, 550.1249707937241, 853.5462774127852], [379.208984375, 829.160530191458, 379.208984375, 818.1148748159056, 421.1796875, 818.1148748159056, 421.1796875, 829.160530191458], [423.8985826969147, 828.9856945818758, 424.2751958370209, 815.8047975250828, 459.7162001132965, 816.8174957140556, 459.3395869731903, 829.9983927708486], [157.57421875, 829.160530191458, 157.57421875, 815.9057437407952, 195.126953125, 815.9057437407952, 195.126953125, 829.160530191458], [217.8131085038185, 827.5690317505062, 218.01930195093155, 815.8164831956461, 268.91362422704697, 816.7094482062315, 268.70743077993393, 828.4619967610917], [197.3359375, 828.4241531664211, 197.3359375, 815.9057437407952, 215.744140625, 815.9057437407952, 215.744140625, 828.4241531664211], [273.08609783649445, 816.6765485491071, 343.83139312267303, 815.8725744143501, 343.9485117197037, 826.1805943080357, 273.2032164335251, 826.9845684427927], [274.650390625, 793.8144329896907, 274.650390625, 783.5051546391752, 406.453125, 783.5051546391752, 406.453125, 793.8144329896907], [160.47442081570625, 794.5278881224687, 160.57095602154732, 781.976219480624, 268.0798395872116, 782.8032053974134, 267.98330438137054, 795.354874039258], [660.5177425146103, 774.0214239690721, 673.7473801374435, 772.7811248734351, 679.4590464830399, 833.7100314110824, 666.2294088602066, 834.9503305067194], [247.36751008033752, 727.5007245115748, 247.50494241714478, 717.1932439565306, 308.6191431283951, 718.0081846436625, 308.48171079158783, 728.3156651987067], [480.822265625, 728.2768777614137, 480.822265625, 715.0220913107511, 527.2109375, 715.0220913107511, 527.2109375, 728.2768777614137], [309.70255756378174, 715.55410393559, 345.0807330608368, 714.412773480647, 345.5698357820511, 729.5758299343013, 310.19166028499603, 730.7171603892442], [528.68359375, 713.5493372606774, 555.927734375, 713.5493372606774, 555.927734375, 728.2768777614137, 528.68359375, 728.2768777614137], [247.40625, 701.0309278350514, 247.40625, 688.5125184094255, 306.3125, 688.5125184094255, 306.3125, 701.0309278350514], [321.0390625, 700.2945508100147, 321.0390625, 687.0397643593519, 384.36328125, 687.0397643593519, 384.36328125, 700.2945508100147], [477.876953125, 699.5581737849778, 477.876953125, 686.3033873343151, 519.111328125, 686.3033873343151, 519.111328125, 699.5581737849778], [519.84765625, 685.5670103092783, 549.30078125, 685.5670103092783, 549.30078125, 700.2945508100147, 519.84765625, 700.2945508100147], [249.615234375, 667.8939617083946, 249.615234375, 662.7393225331369, 254.033203125, 662.7393225331369, 254.033203125, 667.8939617083946], [278.92396104335785, 673.0221283453377, 279.1793658733368, 657.4417136730256, 337.32160353660583, 658.3949048318989, 337.0661987066269, 673.9753195042111], [256.2421875, 671.5758468335787, 256.2421875, 659.0574374079528, 276.123046875, 659.0574374079528, 276.123046875, 671.5758468335787], [480.82222068309784, 670.8394698085419, 480.82222068309784, 657.5846833578792, 533.8378456830978, 657.5846833578792, 533.8378456830978, 670.8394698085419], [235.43060380220413, 644.9358888156986, 235.7532417178154, 631.7069007300487, 276.28104013204575, 632.6954185699327, 275.9584022164345, 645.9244066555826], [187.763671875, 644.3298969072165, 187.763671875, 633.2842415316642, 237.09765625, 633.2842415316642, 237.09765625, 644.3298969072165], [155.90391924977303, 644.9070341983845, 156.32192388176918, 632.7839599968934, 186.57696971297264, 633.8273105986515, 186.1589650809765, 645.9503848001426], [158.310546875, 625.9204712812959, 158.310546875, 611.1929307805595, 248.142578125, 611.1929307805595, 248.142578125, 625.9204712812959], [157.57421875, 557.4374079528718, 157.57421875, 547.1281296023564, 273.177734375, 547.1281296023564, 273.177734375, 557.4374079528718], [327.666015625, 558.1737849779087, 327.666015625, 544.182621502209, 353.4375, 544.182621502209, 353.4375, 558.1737849779087], [279.8046875, 556.701030927835, 279.8046875, 544.9189985272459, 314.412109375, 544.9189985272459, 314.412109375, 556.701030927835], [158.310546875, 527.2459499263623, 158.310546875, 519.1458026509572, 259.923828125, 519.1458026509572, 259.923828125, 527.2459499263623], [156.74105206131935, 498.46391860445044, 156.92787554860115, 482.95793266464926, 227.64947521686554, 483.8100877180366, 227.46265172958374, 499.31607365783776], [198.072265625, 431.5169366715758, 198.072265625, 417.52577319587624, 239.306640625, 417.52577319587624, 239.306640625, 431.5169366715758], [155.365234375, 432.2533136966126, 155.365234375, 416.78939617083944, 197.3359375, 416.78939617083944, 197.3359375, 432.2533136966126], [283.486328125, 428.57142857142856, 283.486328125, 416.78939617083944, 312.203125, 