{"rec_texts": ["of3", "cartons", "packs", "brands", "argeed", "on", "alues", "couponibuydown", "average", "s", "tonly", "tont", "report", "sys", "127", "jactivity", "promotional", "competitive", "ybigif", "maverickiharley", "bookleticoupon", "presell", "tonlyl", "toni", "repont", "127", "may", "bigif", "mavericklharley", "bookleticoupont", "presell", "of", "eeffectiveness", "a", "report", "progress", "specials", "maverick", "subject", "oct", "tots", "124", "jun", "aug", "26", "may", "r27", "from", "dater", "submission", "spell", "rb", "toi"], "rec_scores": [0.9408814907073975, 0.9995556729180473, 0.9999968528747558, 0.9995774229367574, 0.8648684720198313, 0.5936639681458473, 0.5405471444129943, 0.9671981973307473, 0.9559042538915362, 0.3995745778083801, 0.7854693472385407, 0.7494986206293106, 0.6735959748427073, 0.22051838537057242, 0.6420877377192179, 0.8628126283486685, 0.9504758336327293, 0.9429355913942511, 0.9937132398287455, 0.9732183933258056, 0.9999846816062927, 0.9997815830366952, 0.7703210711479187, 0.8600916713476181, 0.5911187951763471, 0.665196826060613, 0.7209237019220988, 0.9096753001213074, 0.9489317198594411, 0.8780465364456177, 0.9762306383677891, 0.5689990520477295, 0.983708598784038, 0.08801145106554031, 0.9998994568983713, 0.9999686852097511, 0.9989327117800713, 0.9999901801347733, 0.999975289617266, 0.9999485413233439, 0.7318392246961594, 0.9746190508206686, 0.9995190501213074, 0.9991525014241537, 0.808655858039856, 0.9999758799870809, 0.8756747245788574, 0.999800905585289, 0.8481829345226288, 0.9476820707321167, 0.9966461896896363, 0.9997121691703796, 0.7387937704722086], "det_polygons": [[664.16796875, 921.9440353460972, 664.16796875, 907.9528718703975, 690.67578125, 907.9528718703975, 690.67578125, 921.9440353460972], [217.216796875, 868.1885125184093, 217.216796875, 854.9337260677466, 280.541015625, 854.9337260677466, 280.541015625, 868.1885125184093], [215.744140625, 836.5243004418262, 215.744140625, 821.060382916053, 262.869140625, 821.060382916053, 262.869140625, 836.5243004418262], [375.52734375, 803.3872444253957, 375.52734375, 790.132457974733, 421.1796875, 790.132457974733, 421.1796875, 803.3872444253957], [318.5362254977226, 803.2169931942653, 318.97229677438736, 789.26250474618, 374.2579821944237, 790.9903659736284, 373.82191091775894, 804.9448544217139], [296.00390625, 789.3961708394697, 315.884765625, 789.3961708394697, 315.884765625, 802.6509572901325, 296.00390625, 802.6509572901325], [258.17752063274384, 802.3830857649116, 258.5867166519165, 788.4688679353828, 294.7654422521591, 789.5329830748342, 294.35624623298645, 803.447200904363], [148.67999160289764, 800.3879822406572, 148.75441539287567, 790.1166373745857, 256.2900056838989, 790.8959817113862, 256.2155818939209, 801.1673265774576], [92.77734375, 803.3873343151693, 92.77734375, 787.1870397643593, 145.056640625, 787.1870397643593, 145.056640625, 803.3873343151693], [686.0552144050598, 767.476459666099, 698.5835785865784, 767.1235524150865, 700.4102871417999, 831.9770464665407, 687.8819229602814, 832.3299537175533], [226.25331008434296, 782.3041373745857, 227.28418743610382, 764.7783282228, 264.0599662065506, 766.9417952929399, 263.02908885478973, 784.4676044447257], [152.419921875, 765.8321060382915, 173.7734375, 765.8321060382915, 173.7734375, 780.5596465390279, 152.419921875, 780.5596465390279], [99.24507895112038, 765.2731714262702, 150.848090082407, 764.3985439294918, 151.12108966708183, 780.5067913521723, 99.51807853579521, 781.3814188489506], [172.0092993080616, 782.2478663763346, 172.71083116531372, 764.0070739656203, 205.68353629112244, 765.2754186706093, 204.98199319839478, 783.5162110813236], [206.171875, 780.5596465390279, 206.171875, 764.3593519882179, 225.31640625, 764.3593519882179, 225.31640625, 780.5596465390279], [314.412109375, 759.941089837997, 314.412109375, 748.8954344624447, 376.263671875, 748.8954344624447, 376.263671875, 759.941089837997], [203.75462985038757, 759.2953217047127, 204.1752860546112, 745.7282132358017, 310.9087083339691, 749.0379996433173, 310.4880521297455, 762.6050631673417], [101.50893738865852, 746.1061098438649, 202.33590388298035, 744.4797341707704, 202.56052350997925, 758.4079298600883, 101.73356825113297, 760.0342156434093], [231.62310338020325, 619.7759659195508, 232.2832100391388, 603.60263830081, 281.53513050079346, 605.6130230865703, 280.8750238418579, 621.7863507053111], [95.70148861408234, 607.5282146021262, 228.9809240102768, 606.7577693529087, 229.04069674015045, 617.0965315491532, 95.761261343956, 617.8669767983707], [94.93374609947205, 458.8205508876795, 230.4044587612152, 458.0092956812638, 230.49699413776398, 473.4638646705863, 95.02628147602081, 474.275119877002], [94.81822293996811, 326.4803317579851, 95.15092784166336, 312.8385248872422, 165.90408796072006, 314.5643186498987, 165.5713830590248, 328.20612552064154], [227.0808253288269, 308.2219883689824, 228.06339013576508, 291.0258949066297, 264.88577365875244, 293.1301695608776, 263.90320885181427, 310.32626302323035], [154.62890625, 307.06921944035344, 154.62890625, 293.8144329896907, 173.7734375, 293.8144329896907, 173.7734375, 307.06921944035344], [100.876953125, 307.80559646539024, 100.876953125, 292.34167893961705, 153.892578125, 292.34167893961705, 153.892578125, 307.80559646539024], [206.908203125, 307.80559646539024, 206.908203125, 292.34167893961705, 227.525390625, 292.34167893961705, 227.525390625, 307.80559646539024], [175.24609375, 307.80559646539024, 175.24609375, 292.34167893961705, 206.171875, 292.34167893961705, 206.171875, 307.80559646539024], [574.3359375, 289.3961708394698, 574.3359375, 276.14138438880707, 622.93359375, 276.14138438880707, 622.93359375, 289.3961708394698], [463.71364748477936, 286.36746975388894, 463.93539083004, 276.09477654121406, 571.5163275003433, 278.416809171921, 571.2945841550827, 288.68950238459587], [331.34765625, 284.9778862168055, 331.34765625, 276.8777389414005, 440.32421875, 276.8777389414005, 440.32421875, 284.9778862168055], [254.63971656560898, 285.6646890317217, 254.84213489294052, 273.11391928761276, 310.0998664498329, 274.00522133738724, 309.8974481225014, 286.5559910814962], [215.744140625, 287.1870397643593, 215.744140625, 271.72312223858614, 242.98828125, 271.72312223858614, 242.98828125, 287.1870397643593], [95.70317393541336, 284.21685692136873, 95.7909454703331, 271.05101640164764, 213.59823220968246, 271.83642829816364, 213.51046067476273, 285.0022688178847], [303.3671875, 266.5684830633284, 310.73046875, 266.5684830633284, 310.73046875, 270.2503681885125, 303.3671875, 270.2503681885125], [430.015625, 212.81296023564062, 430.015625, 200.2945508100147, 488.185546875, 200.2945508100147, 488.185546875, 212.81296023564062], [346.7456957101822, 208.32577510153948, 346.9949434995651, 200.09928774939016, 425.7097862958908, 202.48473761534655, 425.4605385065079, 210.71122496749584], [262.83644539117813, 209.09759116980393, 262.94435089826584, 199.49282391959682, 334.3674150109291, 200.29540476286357, 334.2595095038414, 209.9001720130707], [186.2106707394123, 200.34396771303156, 259.13071590662, 199.54260038170793, 259.2438122034073, 209.83444011615194, 186.32375580072403, 210.6358074474756], [94.76641616225243, 212.4438503529432, 95.16230937838554, 197.20061222126978, 162.18032553792, 198.94146252099824, 161.78443232178688, 214.18470065267164], [579.490234375, 182.62150220913105, 579.490234375, 168.6303387334315, 611.15234375, 168.6303387334315, 611.15234375, 182.62150220913105], [611.888671875, 183.35787923416788, 611.888671875, 167.89396170839467, 633.2421875, 167.89396170839467, 633.2421875, 183.35787923416788], [482.294921875, 181.88512518409425, 482.294921875, 168.6303387334315, 501.439453125, 168.6303387334315, 501.439453125, 181.88512518409425], [451.369140625, 181.14874815905742, 451.369140625, 167.15758468335787, 482.294921875, 167.15758468335787, 482.294921875, 181.14874815905742], [577.0162276029587, 149.1016281195347, 611.6588839292526, 148.0189732142857, 612.0898767709732, 