{"rec_texts": ["s", "thank", "syous", "possiblei", "soon", "as", "gigy", "at", "greensboro", "the", "ar", "branch", "tast", "call", "please", "not", "do", "you", "receive", "the", "of", "lany", "pagesi", "number", "fax", "our", "colsy", "ri", "37366917", "number", "of", "pages", "kincluding", "r", "heety", "dates", "july", "22", "193", "froms", "hayden", "becky", "tos", "goldbrenner", "ron", "colin", "b7ricol", "viafacsimile", "ais", "greensbord", "a2ta201e35", "soes", "soh", "xeieess", "lboxa", "sest", "poi", "markets", "e", "22", "company", "tobacco", "hrillard", "1l", "d", "loril", "hazpm", "dr", "obacco", "besit", "s", "sn", "plve"], "rec_scores": [0.8855625987052917, 0.999994444847107, 0.4539308696985245, 0.9552105069160461, 0.999446913599968, 0.9906188547611237, 0.696508914232254, 0.999539852142334, 0.9999579727649689, 0.9993704557418823, 0.8827200829982758, 0.9999920527140299, 0.6808877363801003, 0.9999803006649017, 0.9999575912952423, 0.9999882777531942, 0.9924706816673279, 0.9997914433479309, 0.9999821015766689, 0.999993085861206, 0.9985325634479523, 0.8205084055662155, 0.9107364316781362, 0.9999993443489075, 0.9990702072779337, 0.9939196308453878, 0.6376226067543029, 0.4553995281457901, 0.8656611144542694, 0.9999974767367045, 0.99917933344841, 0.9999856233596802, 0.9724397003650666, 0.22660017013549805, 0.7559442818164825, 0.9835613965988159, 0.9995558261871338, 0.9843257665634155, 0.7784891923268636, 0.9974418759346009, 0.9969976643721262, 0.9999284029006958, 0.7406525611877441, 0.9999463124708696, 0.9953659971555074, 0.5805823385715485, 0.7253207606928689, 0.9426928659280142, 0.2115840489665667, 0.9368975520133972, 0.5786837875843048, 0.27201641350984573, 0.3601263364156087, 0.3339402356318065, 0.5580796658992767, 0.7532962262630463, 0.4323870489994685, 0.7136219016143254, 0.8371120095252991, 0.44548627734184265, 0.8951010363442558, 0.965068655354636, 0.9091937839984894, 0.8890679776668549, 0.28695523738861084, 0.9305712461471558, 0.5966030120849609, 0.3419886827468872, 0.9746237695217133, 0.8292449414730072, 0.12016071379184723, 0.18607597798109055, 0.7765875607728958], "det_polygons": [[696.9073113203048, 822.9621438419118, 702.9561854600905, 762.4519179120513, 714.3734155893325, 763.5940073827827, 708.3245414495467, 824.1042333126433], [153.49804687499997, 652.4064171122996, 153.49804687499997, 640.9472880061116, 197.79101562499997, 640.9472880061116, 197.79101562499997, 652.4064171122996], [202.4020155072212, 654.2056719704929, 203.36583429574964, 637.8151447013465, 237.29921931028363, 639.8119128688407, 236.3354005217552, 656.2024401379871], [221.46484374999997, 623.3766233766235, 221.46484374999997, 612.681436210848, 294.01367187499994, 612.681436210848, 294.01367187499994, 623.3766233766235], [152.73437499999997, 612.681436210848, 188.62695312499997, 612.681436210848, 188.62695312499997, 624.9045072574485, 152.73437499999997, 624.9045072574485], [193.20898437499997, 611.9174942704356, 215.35546874999997, 611.9174942704356, 215.35546874999997, 624.1405653170359, 193.20898437499997, 624.1405653170359], [179.33126163482663, 609.546028993984, 179.61554110050199, 598.1703627828973, 220.10301506519315, 599.1829215706169, 219.8187355995178, 610.5585877817036], [151.97070312499997, 598.9304812834225, 173.35351562499997, 598.9304812834225, 173.35351562499997, 611.153552330023, 151.97070312499997, 611.153552330023], [471.9123961925506, 598.1595918729709, 555.908565044403, 597.3516337465385, 555.9897611141204, 605.7982652400449, 471.993592262268, 606.6062233664774], [436.05664062499994, 608.8617265087854, 436.05664062499994, 596.6386554621849, 465.83984374999994, 596.6386554621849, 465.83984374999994, 608.8617265087854], [410.85546874999994, 610.3896103896104, 410.85546874999994, 596.6386554621849, 433.76562499999994, 596.6386554621849, 433.76562499999994, 610.3896103896104], [561.9423838853835, 595.9372407521248, 617.0098193883895, 595.062885328137, 617.1919745206832, 606.543369744915, 562.1245390176772, 607.4177251689028], [619.3378906249999, 592.0550038197098, 643.0117187499999, 592.0550038197098, 643.0117187499999, 607.3338426279603, 619.3378906249999, 607.3338426279603], [213.06445312499997, 585.179526355997, 248.19335937499997, 585.179526355997, 248.19335937499997, 596.6386554621849, 213.06445312499997, 596.6386554621849], [152.65047550201413, 585.241494058561, 207.60888826847074, 584.3688172179384, 207.79067051410672, 595.825055430553, 152.83225774765012, 596.6977322711756], [236.73828124999997, 582.1237585943469, 236.73828124999997, 570.664629488159, 264.99414062499994, 570.664629488159, 264.99414062499994, 582.1237585943469], [211.8937055468559, 571.7882545418736, 231.62435048818585, 570.5546822777407, 232.28697007894513, 581.1607180158996, 212.55632513761518, 582.3942902800326], [177.93554687499997, 582.1237585943469, 177.93554687499997, 570.664629488159, 206.19140624999997, 570.664629488159, 206.19140624999997, 582.1237585943469], [270.98498427867884, 570.0006098852894, 331.37910568714136, 569.1375382717008, 331.54210376739496, 580.5506928446094, 271.14798235893244, 581.4137644581981], [395.58203124999994, 581.3598166539343, 395.58203124999994, 569.1367456073339, 423.83789062499994, 569.1367456073339, 423.83789062499994, 581.3598166539343], [370.38085937499994, 582.1237585943469, 370.38085937499994, 569.1367456073339, 390.23632812499994, 569.1367456073339, 390.23632812499994, 582.1237585943469], [335.25195312499994, 582.8877005347595, 335.25195312499994, 568.3728036669214, 365.79882812499994, 568.3728036669214, 365.79882812499994, 582.8877005347595], [428.3123440742492, 581.2760739949389, 428.56963586807245, 566.861239346591, 479.7738723754882, 567.7758807713427, 479.516580581665, 582.1907154196906], [219.93747669458386, 459.12905956061405, 219.93747669458386, 447.66993045442615, 272.63083606958384, 447.66993045442615, 272.63083606958384, 459.12905956061405], [185.57226562499997, 461.42093200916736, 185.57226562499997, 447.6699770817418, 216.11914062499997, 447.6699770817418, 216.11914062499997, 461.42093200916736], [151.97070312499997, 446.9060351413293, 182.51757812499997, 446.9060351413293, 182.51757812499997, 462.18487394957987, 151.97070312499997, 462.18487394957987], [320.38932019472117, 463.78582283410526, 320.95289176702494, 442.9269066468918, 366.07977491617197, 444.14695698947196, 365.5162033438682, 465.0058731766855], [276.1844692230224, 461.1658805922938, 276.9176576137542, 442.83006171218494, 307.99519693851465, 444.07361222187745, 307.26200854778284, 462.4094311019863], [369.9171282052993, 444.9299228746897, 437.43431699275965, 442.2984636859005, 437.9929944276809, 456.64279783291164, 370.4758056402206, 459.27425702170075], [152.6227653622627, 420.996494744915, 205.3645533919334, 420.1315580386985, 205.53957706689832, 430.8113581902932, 152.7977890372276, 431.6762948965098], [212.30078124999997, 430.8632543926662, 212.30078124999997, 420.9320091673033, 229.86523437499997, 420.9320091673033, 229.86523437499997, 430.8632543926662], [236.73828124999997, 433.1550802139038, 236.73828124999997, 418.6401833460657, 281.03124999999994, 418.6401833460657, 281.03124999999994, 433.1550802139038], [297.83203124999994, 433.1550802139038, 297.83203124999994, 417.11229946524065, 381.83593749999994, 417.11229946524065, 381.83593749999994, 433.1550802139038], [385.54494786262507, 417.2101235735772, 433.58766484260553, 416.2088485962567, 433.95943284034723, 434.05825131899354, 385.91671586036676, 435.059526296314], [435.1526235342025, 416.4672571798606, 493.9643071889877, 415.4700854063217, 494.20975983142847, 429.95495428284954, 435.3980761766433, 430.9521260563885], [152.5666459202766, 390.2857163373162, 152.81995248794553, 378.8831461650712, 194.88597220182416, 379.8182569814148, 194.63266563415525, 391.22080384000196], [237.50195312499997, 390.3743315508022, 237.50195312499997, 375.0954927425516, 270.33984374999994, 375.0954927425516, 270.33984374999994, 390.3743315508022], [273.39453124999994, 388.0825057295646, 