{"rec_texts": ["1", "g", "croly", "numer", "phonei", "rnumbers", "beeper", "g24a208", "fosie", "czo1y", "jeromes", "curry", "name", "supervisor", "hallways", "f", "supervisor", "s", "premiums", "sonly", "fracinge", "gcrs", "music", "s", "isamplings", "cvans", "premiums", "xhof", "signage", "fboothishs", "applicable", "eboxs", "checka", "specificsi", "saturdaysunday", "anm", "ila", "hoursi", "dates", "event", "juned", "a", "1995", "estreetes", "lihth", "hath", "ilocations", "event", "sy", "new", "york", "namb", "event", "avenue", "upper", "madison", "festival", "general", "informatione", "special", "event", "sheet", "information", "s", "epleasurel", "newport", "thns"], "rec_scores": [0.1683489978313446, 0.49637120962142944, 0.5078115105628968, 0.41387717723846434, 0.9129861493905386, 0.9203063398599625, 0.8477089206377665, 0.4687280761344092, 0.3389729857444763, 0.7062739968299866, 0.8695207919393267, 0.9274564504623413, 0.999665230512619, 0.9966224312782288, 0.8557567708194256, 0.5385850071907043, 0.9907476723194122, 0.8142090439796448, 0.9742797240614891, 0.8531842231750488, 0.8415590524673462, 0.6500352472066879, 0.9992471575737, 0.8061724305152893, 0.8257294982671738, 0.5516889095306396, 0.972589410841465, 0.49848320335149765, 0.9807734744889396, 0.8461348652839661, 0.8963078379631042, 0.4724751353263855, 0.9822331666946411, 0.946704912185669, 0.9998264525617871, 0.5359926720460256, 0.665690690279007, 0.9535131653149923, 0.9798822999000549, 0.9995575904846191, 0.859469199180603, 0.17770294845104218, 0.7937522456049919, 0.6096445156468285, 0.5653314709663391, 0.794247105717659, 0.9409543961286545, 0.9941617608070373, 0.4568227455019951, 0.8055594662825266, 0.9424777328968048, 0.830326221883297, 0.9999954700469971, 0.9974087079366049, 0.9996318101882935, 0.9998788152422223, 0.9792007878422737, 0.9999970197677612, 0.9478013714154562, 0.99489278452737, 0.9992928028106689, 0.9999972820281983, 0.9771130084991455, 0.15686793625354767, 0.9374512434005737, 0.9997886504445758, 0.1777417492121458], "det_polygons": [[54.48828125, 938.880706921944, 70.6875, 938.880706921944, 70.6875, 945.5081001472753, 54.48828125, 945.5081001472753], [293.05859375, 887.3343151693666, 293.05859375, 883.6524300441826, 298.212890625, 883.6524300441826, 298.212890625, 887.3343151693666], [248.650062084198, 880.925533873343, 283.2659330368042, 879.689189927743, 283.65894997119904, 890.6945746847385, 249.04307901859283, 891.9309186303386], [180.33382043242455, 880.7302932851619, 237.74306690692902, 879.860340056609, 237.93335092067719, 892.4204583371686, 180.52411568164825, 893.2904115657216], [132.5390625, 894.6980854197349, 132.5390625, 879.2341678939616, 181.13671875, 879.2341678939616, 181.13671875, 894.6980854197349], [418.234375, 892.4889543446244, 418.234375, 879.2341678939616, 476.404296875, 879.2341678939616, 476.404296875, 892.4889543446244], [370.96785295009613, 892.4862576514174, 371.22456109523773, 879.1372667180595, 418.3887504339218, 880.044254533321, 418.1320422887802, 893.3932454666789], [291.49614357948303, 888.7353371801362, 291.79428815841675, 879.1947961731406, 344.75818502902985, 880.8500264635493, 344.46004045009613, 890.3905674705449], [533.837890625, 889.5434462444771, 533.837890625, 879.2341678939616, 590.53515625, 879.2341678939616, 590.53515625, 889.5434462444771], [496.1048493385315, 890.1591013036174, 496.46402502059937, 878.6643566193391, 531.1066813468933, 879.7469890521446, 530.7475056648254, 891.2417337364229], [358.50607019662857, 855.7151378693391, 402.65436577796936, 854.8494993499171, 402.79952812194824, 862.2537199983891, 358.6512100696564, 863.1193585178111], [403.24359905719757, 862.7869461351711, 404.1315611600876, 851.2431216345268, 440.84397184848785, 854.0672785403626, 439.95600974559784, 865.6111030410069], [132.5390625, 863.7702503681884, 132.5390625, 850.5154639175257, 170.091796875, 850.5154639175257, 170.091796875, 863.7702503681884], [251.087890625, 861.561119293078, 251.087890625, 851.2518409425625, 323.984375, 851.2518409425625, 323.984375, 861.561119293078], [194.390625, 861.561119293078, 194.390625, 850.5154639175257, 246.669921875, 850.5154639175257, 246.669921875, 861.561119293078], [173.037109375, 862.2974963181148, 173.037109375, 849.7790868924889, 191.4453125, 849.7790868924889, 191.4453125, 862.2974963181148], [136.1564137339592, 817.3902733512058, 244.352110683918, 815.810730250138, 244.50334018468857, 826.1716053306792, 136.30764323472977, 827.751148431747], [662.7421869039536, 868.8164824765279, 663.5598598718643, 802.5799443690169, 674.5212796926498, 802.7153183680043, 673.7036067247391, 868.9518564755153], [225.31640625, 759.941089837997, 225.31640625, 747.422680412371, 288.640625, 747.422680412371, 288.640625, 759.941089837997], [290.849609375, 760.6774668630338, 290.849609375, 746.6863033873343, 325.45703125, 746.6863033873343, 325.45703125, 760.6774668630338], [466.095703125, 759.941089837997, 466.095703125, 745.9499263622974, 514.693359375, 745.9499263622974, 514.693359375, 759.941089837997], [516.166015625, 760.6774668630338, 516.166015625, 744.4771723122238, 544.8828125, 744.4771723122238, 544.8828125, 760.6774668630338], [467.568359375, 728.2768777614137, 467.568359375, 717.2312223858615, 505.857421875, 717.2312223858615, 505.857421875, 728.2768777614137], [292.322265625, 726.8041237113401, 292.322265625, 718.7039764359351, 298.212890625, 718.7039764359351, 298.212890625, 726.8041237113401], [225.24555534124374, 728.961208607557, 225.42959243059158, 715.708939070554, 287.9542947411537, 716.5773641729564, 287.7702576518059, 729.8296337099595], [508.06640625, 715.7584683357878, 537.51953125, 715.7584683357878, 537.51953125, 730.4860088365242, 508.06640625, 730.4860088365242], [301.89453125, 729.0132547864506, 301.89453125, 715.7584683357878, 366.69140625, 715.7584683357878, 366.69140625, 729.0132547864506], [210.43427735567093, 688.615307365496, 255.29748624563217, 686.6646093893823, 255.82402557134628, 698.7759080305366, 210.96081668138504, 700.7266060066504], [466.71684515476227, 698.714782984513, 466.92663395404816, 685.4983794671622, 521.4479025602341, 686.3638382070369, 521.2381137609482, 699.5802417243879], [256.73466086387634, 699.3583937632317, 257.4249235391617, 683.2507755689662, 319.10008907318115, 685.8941641401647, 318.4098263978958, 702.0017823344301], [164.201171875, 670.8394698085419, 164.201171875, 660.5301914580265, 214.271484375, 660.5301914580265, 214.271484375, 670.8394698085419], [212.47185331583023, 671.6510845740519, 213.0364584326744, 657.5352439824189, 254.29316955804825, 659.1856202250551, 253.72856444120407, 673.3014608166881], [130.330078125, 671.5758468335787, 130.330078125, 658.321060382916, 162.728515625, 658.321060382916, 162.728515625, 671.5758468335787], [133.235808044672, 636.9929587542571, 226.71535778045654, 636.1507814657353, 226.8608796596527, 652.3033445467829, 133.38131868839264, 653.1455218353046], [133.24644804000854, 570.7317908487895, 250.27237486839294, 569.1713043797174, 250.40036940574646, 578.7719816452274, 133.37444257736206, 580.3324681142994], [319.56640625, 579.5287187039764, 319.56640625, 568.4830633284241, 343.865234375, 568.4830633284241, 343.865234375, 579.5287187039764], [271.705078125, 568.4830633284241, 304.83984375, 568.4830633284241, 304.83984375, 579.5287187039764, 271.705078125, 579.5287187039764], [132.4786044061184, 504.43628504982047, 203.8925565481186, 503.5960853363172, 204.06621205806732, 518.3562558248573, 132.65224868059158, 519.1964555383606], [173.7734375, 449.18998527245947, 173.7734375, 435.1988217967599, 215.744140625, 435.1988217967599, 215.744140625, 449.18998527245947], [130.1724893450737, 435.36421898011776, 173.64386999607086, 434.3038792111561, 174.02167409658432, 449.7944939996778, 130.55029344558716, 450.8548337686395], [259.1875, 446.980854197349, 259.1875, 435.1988217967599, 293.05859375, 435.1988217967599, 293.05859375, 446.980854197349], [288.640625, 446.2444771723122, 288.640625, 434.4624447717231, 312.203125, 