{"rec_texts": ["j", "i", "mccann", "smith", "telford", "br", "simeonidis", "spell", "gordon", "l", "achey", "goldbrenner", "s", "ms", "orlowsky", "l", "p", "sae", "pasheluk", "hammer", "di", "peterson", "a", "rs", "giacoio", "later", "bondy", "si", "forcutt", "w", "pears", "si", "kersh", "indsley", "s", "tisch", "we", "norman", "tatulli", "augustyn", "scors", "informations", "see", "attached", "circular", "f", "copy", "non", "4848", "jother", "distributions", "extent", "of", "tprices", "list", "size", "pize", "for", "product", "type", "of", "nate", "brand", "spectal", "pions", "american", "tobacco", "company", "dates", "timer", "8113193", "reported", "by", "reids", "division", "managers", "ca", "franciscos", "san", "new", "competitive", "products"], "rec_scores": [0.7525922656059265, 0.23846377432346344, 0.9009395142396291, 0.9729575395584107, 0.9900915793010167, 0.7053534686565399, 0.9999899625778198, 0.5572902917861938, 0.9950416286786398, 0.9995649456977844, 0.9774803519248962, 0.9988119060342963, 0.9994992017745972, 0.6144580170512199, 0.9397348389029503, 0.7834774255752563, 0.9017902612686157, 0.33630965650081635, 0.9937080815434456, 0.999956746896108, 0.9428354203701019, 0.9985777512192726, 0.9981685876846313, 0.9308274388313293, 0.7612952377114978, 0.8734918355941772, 0.9874403953552247, 0.2549642249941826, 0.8118138057844979, 0.9998350143432617, 0.9749834895133972, 0.17620334774255753, 0.8772925972938538, 0.9832941464015416, 0.3254283368587494, 0.999676513671875, 0.19146443903446198, 0.9685676693916321, 0.9997250352587018, 0.9970548748970032, 0.3269937127828598, 0.9740114013353983, 0.9999947547912598, 0.9999749958515167, 0.9999946057796478, 0.29262635111808777, 0.9976011663675308, 0.7752272685368856, 0.8537264764308929, 0.9005194952090582, 0.9934110549780039, 0.9842033386230469, 0.8472291231155396, 0.6325260783944812, 0.8941456824541092, 0.9666634052991867, 0.6820852495729923, 0.19737391670544943, 0.9967705351965768, 0.9634369164705276, 0.547944650053978, 0.4257185719907284, 0.9971811771392822, 0.978186982018607, 0.6542239248752594, 0.9636999815702438, 0.990978113242558, 0.9987009934016636, 0.8594020724296569, 0.8344320893287659, 0.951314355645861, 0.9998024180531502, 0.8122144341468811, 0.9823912262916565, 0.9999929070472717, 0.9467840790748596, 0.9997357726097107, 0.9767811536788941, 0.9960538148880005, 0.999993642171224, 0.9993870854377747, 0.9987033829092979], "det_polygons": [[264.367196559906, 912.2507537725761, 268.0781363248825, 907.6137528220057, 271.6963049173355, 910.5072369593632, 267.985365152359, 915.1442379099335], [397.8681640625, 911.0266159695818, 397.8681640625, 907.2243346007606, 402.4326171875, 907.2243346007606, 402.4326171875, 911.0266159695818], [275.388671875, 915.5893536121674, 275.388671875, 901.9011406844107, 328.640625, 901.9011406844107, 328.640625, 915.5893536121674], [406.236328125, 914.8288973384031, 406.236328125, 900.3802281368822, 448.0771484375, 900.3802281368822, 448.0771484375, 914.8288973384031], [102.50034029781818, 886.0287510396864, 150.46921195089817, 885.0501462987168, 150.79574511945248, 901.0440492811313, 102.82687346637249, 902.0226540221008], [259.37034526467323, 893.6046295746198, 265.2682330906391, 884.1715185361218, 276.14084735512733, 890.9643833174906, 270.24295952916145, 900.3974943559887], [392.54296875, 897.3384030418251, 392.54296875, 883.6501901140686, 465.57421875, 883.6501901140686, 465.57421875, 897.3384030418251], [277.34944957494736, 883.0509780477662, 314.725738465786, 881.9834429954849, 315.2277150154114, 899.546529675618, 277.85142612457275, 900.6140647278993], [100.19808992743492, 870.8714242217206, 152.7018142938614, 868.9275821352187, 153.2926849424839, 884.8752562084126, 100.78896057605743, 886.8190982949145], [260.9345703125, 879.8479087452472, 260.9345703125, 872.2433460076046, 268.5419921875, 872.2433460076046, 268.5419921875, 879.8479087452472], [273.8671875, 883.6501901140686, 273.8671875, 868.4410646387834, 316.46875, 868.4410646387834, 316.46875, 883.6501901140686], [407.65519773960114, 866.9528279467681, 491.39116382598877, 866.0809767110267, 491.5259095430374, 879.0152314044677, 407.7899434566498, 879.8870826402092], [393.3037109375, 878.3269961977187, 393.3037109375, 868.4410646387834, 403.193359375, 868.4410646387834, 403.193359375, 878.3269961977187], [89.767578125, 863.8783269961978, 89.767578125, 855.5133079847909, 101.1787109375, 855.5133079847909, 101.1787109375, 863.8783269961978], [119.4365234375, 867.6806083650191, 119.4365234375, 850.9505703422054, 180.2958984375, 850.9505703422054, 180.2958984375, 867.6806083650191], [101.71120493113995, 863.8023927637834, 105.6670735925436, 851.9392006297529, 117.53465636074543, 855.893536121673, 113.57878769934177, 867.7567282557035], [259.41310915350914, 858.555225908983, 266.64015993475914, 851.3308913082225, 273.48683962225914, 858.1749977721008, 266.25978884100914, 865.3993323728613], [274.9630527794361, 849.5604540458651, 324.5129810869694, 847.6914322421578, 325.1425528228283, 864.3691146328423, 275.59262451529503, 866.2381364365496], [389.16833609342575, 849.6332320876902, 450.96768087148666, 847.6721237820818, 451.4348798394203, 862.3836850938688, 389.6355350613594, 864.3447933994772], [585.0107421875, 859.3155893536123, 585.0107421875, 847.1482889733841, 640.544921875, 847.1482889733841, 640.544921875, 859.3155893536123], [565.9921875, 860.8365019011408, 565.9921875, 847.1482889733841, 583.4892578125, 847.1482889733841, 583.4892578125, 860.8365019011408], [120.9580078125, 848.6692015209126, 120.9580078125, 834.980988593156, 181.056640625, 834.980988593156, 181.056640625, 848.6692015209126], [104.2216796875, 848.6692015209126, 104.2216796875, 836.5019011406845, 117.9150390625, 836.5019011406845, 117.9150390625, 848.6692015209126], [390.8459249138832, 840.1870321411598, 396.5807434916496, 831.5880837096008, 405.35853081941605, 837.4378044795628, 399.6237122416496, 846.0367529111218], [274.4499789774418, 832.0392333056084, 326.27396181225777, 831.0973889020913, 326.58394196629524, 848.139889793251, 274.75995913147926, 849.0817341967681], [405.1015295982361, 831.6785921162073, 446.227854013443, 829.5149306380704, 447.01803410053253, 844.5224312321769, 405.8917096853256, 846.6860927103138], [583.2596514821053, 844.7069755525191, 583.6000910401344, 828.0304071114545, 631.5223913788795, 829.0080835610742, 631.1819518208504, 845.6846520021388], [100.37324310839176, 821.8742573669202, 114.87208192050457, 818.2509505703423, 118.00454838573933, 830.7762000950571, 103.50570957362652, 834.399506891635], [119.99997597932816, 817.544428024002, 163.4409829378128, 816.6003557212454, 163.7564885020256, 831.1082499108841, 120.31548154354095, 832.0523222136408], [262.13181990385056, 827.1397115613119, 263.0047882795334, 817.5404363711978, 275.9685613512993, 818.7184380941065, 275.09559297561646, 828.3177132842206], [279.1923828125, 831.1787072243346, 279.1923828125, 814.4486692015209, 328.640625, 814.4486692015209, 328.640625, 831.1787072243346], [387.4682973921299, 828.1647308697719, 389.1753241121769, 812.8072644367871, 405.290043592453, 814.5971958174906, 403.583016872406, 829.9546622504754], [405.4755859375, 812.1673003802282, 445.794921875, 812.1673003802282, 445.794921875, 828.8973384030419, 405.4755859375, 828.8973384030419], [582.5608031749725, 826.528710194867, 582.8143219947815, 810.5632129277567, 639.8676644563675, 811.4684826520913, 639.6141456365585, 827.4339799192015], [734.0218146443367, 868.0530388545628, 739.6985003352165, 799.9580412309887, 753.738149702549, 801.1275026734792, 748.0614640116692, 869.2225002970533], [117.9150390625, 812.9277566539924, 117.9150390625, 798.4790874524715, 157.4736328125, 798.4790874524715, 157.4736328125, 812.9277566539924], [98.36192415654659, 800.596148704848, 114.27582515776157, 797.9447629515209, 116.86645318567753, 813.4826892229088, 100.95255218446255, 816.1340749762358], [256.9800249636173, 811.3283106582701, 257.24598756432533, 795.3758094700571, 314.28581830859184, 